Тип резки,Вид сырья,"Ширина входа, мм","Допуск, мм",Итого ножей,"Остаток, мм",Примечания
MR120 - 30мм х 29,MR120,905,,29,35,Источник: brd/Типы резки.txt; Строка источника: 31; Ширины заказа из источника: 30; Допустимый интервал: Узкое; Комментарий: Лучше уточнить
MR131 - 35мм х 25,MR131,905,,25,30,Источник: brd/Типы резки.txt; Строка источника: 97; Ширины заказа из источника: 35; Допустимый интервал: Узкое; Комментарий: Лучше уточнить
MR132 - 110мм х 8,MR132,910,,8,30,Источник: brd/Типы резки.txt; Строка источника: 502; Ширины заказа из источника: 110; Допустимый интервал: 870-891
MR132 - 25мм х 35,MR132,910,,35,35,Источник: brd/Типы резки.txt; Строка источника: 13; Ширины заказа из источника: 25; Допустимый интервал: 870-891
MR132 - 30мм х 29,MR132,910,,29,40,Источник: brd/Типы резки.txt; Строка источника: 32; Ширины заказа из источника: 30; Допустимый интервал: 870-891
MR132 - 35мм х 25,MR132,910,,25,35,Источник: brd/Типы резки.txt; Строка источника: 98; Ширины заказа из источника: 35; Допустимый интервал: 870-891
MR132 - 59мм х 15,MR132,910,,15,25,Источник: brd/Типы резки.txt; Строка источника: 263; Ширины заказа из источника: 60; Допустимый интервал: 870-891
MR132 - 89мм х 10,MR132,910,,10,20,Источник: brd/Типы резки.txt; Строка источника: 438; Ширины заказа из источника: 89; Допустимый интервал: 870-891
MR132 - 99мм х 9,MR132,910,,9,19,Источник: brd/Типы резки.txt; Строка источника: 460; Ширины заказа из источника: 100; Допустимый интервал: 870-891
MR180 - 110мм х 8,MR180,910,,8,30,Источник: brd/Типы резки.txt; Строка источника: 503; Ширины заказа из источника: 110; Допустимый интервал: 870-891
MR180 - 40мм х 22,MR180,910,,22,30,Источник: brd/Типы резки.txt; Строка источника: 114; Ширины заказа из источника: 40; Допустимый интервал: 870-891
MR180 - 49мм х 18,MR180,910,,18,28,Источник: brd/Типы резки.txt; Строка источника: 173; Ширины заказа из источника: 50; Допустимый интервал: 870-891
MR180 - 55мм х 12 + 110 мм х 2,MR180,910,,14,30,"Источник: brd/Типы резки.txt; Строк источника: 2; Ширины заказа из источника: 57, 110; Допустимый интервал: 870-891"
MR180 - 55мм х 16,MR180,910,,16,30,Источник: brd/Типы резки.txt; Строка источника: 231; Ширины заказа из источника: 57; Допустимый интервал: 870-891
MR180 - 59мм х 15,MR180,910,,15,25,Источник: brd/Типы резки.txt; Строка источника: 264; Ширины заказа из источника: 60; Допустимый интервал: 870-891
"MR180 - 63,5мм х 14",MR180,910,,14,21,Источник: brd/Типы резки.txt; Строка источника: 345; Ширины заказа из источника: 65; Допустимый интервал: 870-891
MR180 - 89мм х 10,MR180,910,,10,20,Источник: brd/Типы резки.txt; Строка источника: 439; Ширины заказа из источника: 89; Допустимый интервал: 870-891
MR190 - 110мм х 2 + 165 мм х 4,MR190,910,,6,30,"Источник: brd/Типы резки.txt; Строк источника: 2; Ширины заказа из источника: 110, 165; Допустимый интервал: 870-891"
MR190 - 110мм х 8,MR190,910,,8,30,Источник: brd/Типы резки.txt; Строка источника: 506; Ширины заказа из источника: 110; Допустимый интервал: 870-891
MR190 - 156мм х 5 + 110 мм х 1,MR190,910,,6,20,"Источник: brd/Типы резки.txt; Строк источника: 2; Ширины заказа из источника: 110, 156; Допустимый интервал: 870-891"
MR190 - 165мм х 4 + 110 мм х 2,MR190,910,,6,30,"Источник: brd/Типы резки.txt; Строк источника: 2; Ширины заказа из источника: 110, 165; Допустимый интервал: 870-891"
MR190 - 165мм х 5 + 59 мм х 1,MR190,910,,6,26,"Источник: brd/Типы резки.txt; Строк источника: 2; Ширины заказа из источника: 60, 165; Допустимый интервал: 870-891"
MR190 - 20мм х 44,MR190,910,,44,30,Источник: brd/Типы резки.txt; Строка источника: 2; Ширины заказа из источника: 20; Допустимый интервал: 870-891
MR190 - 30мм х 29,MR190,910,,29,40,Источник: brd/Типы резки.txt; Строка источника: 33; Ширины заказа из источника: 30; Допустимый интервал: 870-891
"MR190 - 32,5мм х 27",MR190,910,,27,32.5,Источник: brd/Типы резки.txt; Строка источника: 61; Ширины заказа из источника: 33; Допустимый интервал: 870-891
MR190 - 35мм х 25,MR190,910,,25,35,Источник: brd/Типы резки.txt; Строка источника: 99; Ширины заказа из источника: 35; Допустимый интервал: 870-891
MR190 - 40мм х 22,MR190,910,,22,30,Источник: brd/Типы резки.txt; Строка источника: 115; Ширины заказа из источника: 40; Допустимый интервал: 870-891
MR190 - 49мм х 18,MR190,910,,18,28,Источник: brd/Типы резки.txt; Строка источника: 174; Ширины заказа из источника: 50; Допустимый интервал: 870-891
MR190 - 55мм х 12 + 110 мм х 2,MR190,910,,14,30,"Источник: brd/Типы резки.txt; Строк источника: 2; Ширины заказа из источника: 57, 110; Допустимый интервал: 870-891"
MR190 - 55мм х 12 + 55 мм х 4,MR190,910,,16,30,Источник: brd/Типы резки.txt; Строка источника: 233; Ширины заказа из источника: 57; Допустимый интервал: 870-891
MR190 - 55мм х 16,MR190,910,,16,30,Источник: brd/Типы резки.txt; Строка источника: 234; Ширины заказа из источника: 57; Допустимый интервал: 870-891
MR190 - 59мм х 15,MR190,910,,15,25,Источник: brd/Типы резки.txt; Строка источника: 266; Ширины заказа из источника: 60; Допустимый интервал: 870-891
MR190 - 60мм х 15,MR190,910,,15,10,Источник: brd/Типы резки.txt; Строка источника: 267; Ширины заказа из источника: 60; Допустимый интервал: 870-891
MR190 - 64мм х 12 + 110 мм х 1,MR190,910,,13,32,"Источник: brd/Типы резки.txt; Строк источника: 2; Ширины заказа из источника: 64, 110; Допустимый интервал: 870-891"
MR190 - 80мм х 11,MR190,910,,11,30,Источник: brd/Типы резки.txt; Строка источника: 388; Ширины заказа из источника: 80; Допустимый интервал: 870-891
MR190 - 89мм х 10,MR190,910,,10,20,"Источник: brd/Типы резки.txt; Строк источника: 2; Ширины заказа из источника: 89, 90; Допустимый интервал: 870-891"
MR190 - 99мм х 8 + 80 мм х 1,MR190,910,,9,38,"Источник: brd/Типы резки.txt; Строк источника: 2; Ширины заказа из источника: 80, 100; Допустимый интервал: 870-891"
MR190 - 99мм х 9,MR190,910,,9,19,Источник: brd/Типы резки.txt; Строка источника: 462; Ширины заказа из источника: 100; Допустимый интервал: 870-891
MR192 - 110мм х 8,MR192,910,,8,30,Источник: brd/Типы резки.txt; Строка источника: 511; Ширины заказа из источника: 110; Допустимый интервал: 870-891; Строк в План производства.xlsx: 4; Среднее время одной резки: 7.35 мин; Средняя переналадка: 22.5 мин
MR192 - 156мм х 5 + 110 мм х 1,MR192,910,,6,20,"Источник: brd/Типы резки.txt; Строк источника: 2; Ширины заказа из источника: 110, 156; Допустимый интервал: 870-891"
MR192 - 220мм х 4,MR192,910,,4,30,Источник: brd/Типы резки.txt; Строка источника: 672; Ширины заказа из источника: 220; Допустимый интервал: 870-891
MR192 - 25мм х 35,MR192,910,,35,35,Источник: brd/Типы резки.txt; Строка источника: 14; Ширины заказа из источника: 25; Допустимый интервал: 870-891
MR192 - 30мм х 29,MR192,910,,29,40,Источник: brd/Типы резки.txt; Строка источника: 34; Ширины заказа из источника: 30; Допустимый интервал: 870-891; Строк в План производства.xlsx: 1; Среднее время одной резки: 4.2 мин; Средняя переналадка: 30 мин
MR192 - 35мм х 25,MR192,910,,25,35,Источник: brd/Типы резки.txt; Строка источника: 100; Ширины заказа из источника: 35; Допустимый интервал: 870-891
MR192 - 40мм х 22,MR192,910,,22,30,Источник: brd/Типы резки.txt; Строка источника: 116; Ширины заказа из источника: 40; Допустимый интервал: 870-891; Строк в План производства.xlsx: 2; Среднее время одной резки: 4.2 мин; Средняя переналадка: 15 мин
MR192 - 44мм х 20,MR192,910,,20,30,Источник: brd/Типы резки.txt; Строка источника: 163; Ширины заказа из источника: 45; Допустимый интервал: 870-891; Строк в План производства.xlsx: 1; Среднее время одной резки: 4.2 мин; Средняя переналадка: 30 мин
MR192 - 49мм х 18,MR192,910,,18,28,Источник: brd/Типы резки.txt; Строка источника: 175; Ширины заказа из источника: 50; Допустимый интервал: 870-891; Строк в План производства.xlsx: 1; Среднее время одной резки: 4.2 мин; Средняя переналадка: 30 мин
MR192 - 52мм х 17,MR192,910,,17,26,Источник: brd/Типы резки.txt; Строка источника: 200; Ширины заказа из источника: 52; Допустимый интервал: 870-891; Строк в План производства.xlsx: 1; Среднее время одной резки: 4.2 мин; Средняя переналадка: 30 мин
MR192 - 55мм х 12 + 110 мм х 2,MR192,910,,14,30,"Источник: brd/Типы резки.txt; Строк источника: 2; Ширины заказа из источника: 55, 110; Допустимый интервал: 870-891"
MR192 - 55мм х 16,MR192,910,,16,30,Источник: brd/Типы резки.txt; Строка источника: 235; Ширины заказа из источника: 57; Допустимый интервал: 870-891
MR192 - 59мм х 15,MR192,910,,15,25,Источник: brd/Типы резки.txt; Строка источника: 268; Ширины заказа из источника: 60; Допустимый интервал: 870-891; Строк в План производства.xlsx: 5; Среднее время одной резки: 5.04 мин; Средняя переналадка: 35 мин
MR192 - 60мм х 14 + 40 мм х 1,MR192,910,,15,30,"Источник: brd/Типы резки.txt; Строк источника: 2; Ширины заказа из источника: 40, 60; Допустимый интервал: 870-891"
"MR192 - 63,5мм х 14",MR192,910,,14,21,Источник: brd/Типы резки.txt; Строка источника: 346; Ширины заказа из источника: 65; Допустимый интервал: 870-891; Строк в План производства.xlsx: 2; Среднее время одной резки: 4.2 мин; Средняя переналадка: 40 мин
MR192 - 64мм х 12 + 110 мм х 1,MR192,910,,13,32,"Источник: brd/Типы резки.txt; Строк источника: 2; Ширины заказа из источника: 64, 110; Допустимый интервал: 870-891"
MR192 - 70мм х 11 + 110 мм х,MR192,910,,11,140,"Источник: brd/Типы резки.txt; Строк источника: 2; Ширины заказа из источника: 70, 110; Допустимый интервал: 870-891"
MR192 - 70мм х 11 + 110 мм х 1,MR192,910,,12,30,"Источник: brd/Типы резки.txt; Строк источника: 2; Ширины заказа из источника: 70, 110; Допустимый интервал: 870-891"
MR192 - 80мм х 11,MR192,910,,11,30,Источник: brd/Типы резки.txt; Строка источника: 390; Ширины заказа из источника: 80; Допустимый интервал: 870-891; Строк в План производства.xlsx: 3; Среднее время одной резки: 4.2 мин; Средняя переналадка: 36.67 мин
MR192 - 85мм х 9 + 110 мм х 1,MR192,910,,10,35,"Источник: brd/Типы резки.txt; Строк источника: 2; Ширины заказа из источника: 85, 110; Допустимый интервал: 870-891"
MR192 - 89мм х 10,MR192,910,,10,20,"Источник: brd/Типы резки.txt; Строк источника: 2; Ширины заказа из источника: 89, 90; Допустимый интервал: 870-891; Строк в План производства.xlsx: 4; Среднее время одной резки: 5.25 мин; Средняя переналадка: 32.5 мин"
MR194 - 110мм х 8,MR194,910,,8,30,"Источник: brd/Типы резки.txt; Строк источника: 2; Ширины заказа из источника: 50, 110; Допустимый интервал: 870-891; Строк в План производства.xlsx: 15; Среднее время одной резки: 5.04 мин; Средняя переналадка: 26.88 мин"
MR194 - 148мм х 6,MR194,910,,6,22,Источник: brd/Типы резки.txt; Строка источника: 627; Ширины заказа из источника: 148; Допустимый интервал: 870-891
MR194 - 156мм х 5 + 110 мм х 1,MR194,910,,6,20,"Источник: brd/Типы резки.txt; Строк источника: 2; Ширины заказа из источника: 110, 156; Допустимый интервал: 870-891; Строк в План производства.xlsx: 2; Среднее время одной резки: 8.4 мин; Средняя переналадка: 50 мин"
MR194 - 156мм х 5 + 60 мм х 1 + 40 мм х 1,MR194,910,,7,30,"Источник: brd/Типы резки.txt; Строк источника: 3; Ширины заказа из источника: 40, 60, 156; Допустимый интервал: 870-891"
MR194 - 20мм х 44,MR194,910,,44,30,Источник: brd/Типы резки.txt; Строка источника: 3; Ширины заказа из источника: 20; Допустимый интервал: 870-891
MR194 - 25мм х 35,MR194,910,,35,35,Источник: brd/Типы резки.txt; Строка источника: 15; Ширины заказа из источника: 25; Допустимый интервал: 870-891; Строк в План производства.xlsx: 4; Среднее время одной резки: 6.3 мин; Средняя переналадка: 43.33 мин
MR194 - 30мм х 29,MR194,910,,29,40,Источник: brd/Типы резки.txt; Строка источника: 35; Ширины заказа из источника: 30; Допустимый интервал: 870-891; Строк в План производства.xlsx: 17; Среднее время одной резки: 4.69 мин; Средняя переналадка: 33.5 мин
"MR194 - 32,5мм х 27",MR194,910,,27,32.5,Источник: brd/Типы резки.txt; Строка источника: 62; Ширины заказа из источника: 33; Допустимый интервал: 870-891; Строк в План производства.xlsx: 3; Среднее время одной резки: 4.2 мин; Средняя переналадка: 30 мин
MR194 - 35мм х 25,MR194,910,,25,35,Источник: brd/Типы резки.txt; Строка источника: 101; Ширины заказа из источника: 35; Допустимый интервал: 870-891
MR194 - 40мм х 22,MR194,910,,22,30,Источник: brd/Типы резки.txt; Строка источника: 119; Ширины заказа из источника: 40; Допустимый интервал: 870-891; Строк в План производства.xlsx: 11; Среднее время одной резки: 4.2 мин; Средняя переналадка: 32.86 мин
MR194 - 44мм х 20,MR194,910,,20,30,Источник: brd/Типы резки.txt; Строка источника: 164; Ширины заказа из источника: 45; Допустимый интервал: 870-891
MR194 - 49мм х 18,MR194,910,,18,28,Источник: brd/Типы резки.txt; Строка источника: 177; Ширины заказа из источника: 50; Допустимый интервал: 870-891
MR194 - 52мм х 17,MR194,910,,17,26,Источник: brd/Типы резки.txt; Строка источника: 201; Ширины заказа из источника: 52; Допустимый интервал: 870-891
MR194 - 55мм х 12 + 110 мм х 2,MR194,910,,14,30,"Источник: brd/Типы резки.txt; Строк источника: 2; Ширины заказа из источника: 57, 110; Допустимый интервал: 870-891"
MR194 - 55мм х 16,MR194,910,,16,30,Источник: brd/Типы резки.txt; Строка источника: 237; Ширины заказа из источника: 57; Допустимый интервал: 870-891; Строк в План производства.xlsx: 1; Среднее время одной резки: 4.2 мин; Средняя переналадка: 15 мин
MR194 - 59мм х 15,MR194,910,,15,25,Источник: brd/Типы резки.txt; Строка источника: 271; Ширины заказа из источника: 60; Допустимый интервал: 870-891; Строк в План производства.xlsx: 12; Среднее время одной резки: 4.2 мин; Средняя переналадка: 24 мин
MR194 - 60мм х 14 + 40 мм х 1,MR194,910,,15,30,"Источник: brd/Типы резки.txt; Строк источника: 2; Ширины заказа из источника: 40, 60; Допустимый интервал: 870-891"
"MR194 - 63,5мм х 14",MR194,910,,14,21,Источник: brd/Типы резки.txt; Строка источника: 347; Ширины заказа из источника: 65; Допустимый интервал: 870-891
MR194 - 64мм х 12 + 110 мм х 1,MR194,910,,13,32,"Источник: brd/Типы резки.txt; Строк источника: 2; Ширины заказа из источника: 64, 110; Допустимый интервал: 870-891"
MR194 - 70мм х 10 + 60 мм х 3,MR194,910,,13,30,"Источник: brd/Типы резки.txt; Строк источника: 2; Ширины заказа из источника: 60, 70; Допустимый интервал: 870-891"
MR194 - 70мм х 11 + 110 мм х 1,MR194,910,,12,30,"Источник: brd/Типы резки.txt; Строк источника: 2; Ширины заказа из источника: 70, 110; Допустимый интервал: 870-891"
MR194 - 74мм х 12,MR194,910,,12,22,Источник: brd/Типы резки.txt; Строка источника: 380; Ширины заказа из источника: 74; Допустимый интервал: 870-891
MR194 - 80мм х 11,MR194,910,,11,30,Источник: brd/Типы резки.txt; Строка источника: 391; Ширины заказа из источника: 80; Допустимый интервал: 870-891; Строк в План производства.xlsx: 3; Среднее время одной резки: 4.2 мин; Средняя переналадка: 15 мин
MR194 - 89мм х 10,MR194,910,,10,20,"Источник: brd/Типы резки.txt; Строк источника: 2; Ширины заказа из источника: 89, 90; Допустимый интервал: 870-891"
MR194 - 99мм х 9,MR194,910,,9,19,Источник: brd/Типы резки.txt; Строка источника: 463; Ширины заказа из источника: 100; Допустимый интервал: 870-891
MR220 - 164мм х 5 + 60 мм х 1,MR220,910,,6,30,"Источник: brd/Типы резки.txt; Строк источника: 2; Ширины заказа из источника: 60, 165; Допустимый интервал: 870-891"
MR220 - 165мм х 5 + 60 мм х 1,MR220,910,,6,25,"Источник: brd/Типы резки.txt; Строк источника: 2; Ширины заказа из источника: 60, 165; Допустимый интервал: 870-891"
MR220 - 20мм х 44,MR220,910,,44,30,Источник: brd/Типы резки.txt; Строка источника: 4; Ширины заказа из источника: 20; Допустимый интервал: 870-891
MR220 - 25мм х 35,MR220,910,,35,35,Источник: brd/Типы резки.txt; Строка источника: 16; Ширины заказа из источника: 25; Допустимый интервал: 870-891
MR220 - 30мм х 29,MR220,910,,29,40,Источник: brd/Типы резки.txt; Строка источника: 36; Ширины заказа из источника: 30; Допустимый интервал: 870-891
MR220 - 35мм х 25,MR220,910,,25,35,Источник: brd/Типы резки.txt; Строка источника: 102; Ширины заказа из источника: 35; Допустимый интервал: 870-891
MR220 - 40мм х 22,MR220,910,,22,30,Источник: brd/Типы резки.txt; Строка источника: 121; Ширины заказа из источника: 40; Допустимый интервал: 870-891; Строк в План производства.xlsx: 1; Среднее время одной резки: 4.2 мин; Средняя переналадка: 30 мин
MR220 - 44мм х 20,MR220,910,,20,30,Источник: brd/Типы резки.txt; Строка источника: 165; Ширины заказа из источника: 45; Допустимый интервал: 870-891
MR220 - 49мм х 18,MR220,910,,18,28,Источник: brd/Типы резки.txt; Строка источника: 178; Ширины заказа из источника: 50; Допустимый интервал: 870-891
MR220 - 55мм х 12 + 110 мм х 2,MR220,910,,14,30,"Источник: brd/Типы резки.txt; Строк источника: 2; Ширины заказа из источника: 57, 110; Допустимый интервал: 870-891"
MR220 - 55мм х 16,MR220,910,,16,30,Источник: brd/Типы резки.txt; Строка источника: 205; Ширины заказа из источника: 55; Допустимый интервал: 870-891
MR220 - 59мм х 15,MR220,910,,15,25,Источник: brd/Типы резки.txt; Строка источника: 276; Ширины заказа из источника: 60; Допустимый интервал: 870-891; Строк в План производства.xlsx: 1; Среднее время одной резки: 4.2 мин; Средняя переналадка: 15 мин
MR220 - 64мм х 12 + 110 мм х 1,MR220,910,,13,32,"Источник: brd/Типы резки.txt; Строк источника: 2; Ширины заказа из источника: 64, 110; Допустимый интервал: 870-891"
MR222 - 110мм х 8,MR222,910,,8,30,Источник: brd/Типы резки.txt; Строка источника: 525; Ширины заказа из источника: 110; Допустимый интервал: 870-891
MR222 - 165мм х 5 + 60 мм х 1,MR222,910,,6,25,"Источник: brd/Типы резки.txt; Строк источника: 2; Ширины заказа из источника: 60, 165; Допустимый интервал: 870-891"
MR222 - 20мм х 44,MR222,910,,44,30,Источник: brd/Типы резки.txt; Строка источника: 5; Ширины заказа из источника: 20; Допустимый интервал: 870-891
MR222 - 220мм х 4,MR222,910,,4,30,Источник: brd/Типы резки.txt; Строка источника: 673; Ширины заказа из источника: 220; Допустимый интервал: 870-891
MR222 - 25мм х 35,MR222,910,,35,35,Источник: brd/Типы резки.txt; Строка источника: 17; Ширины заказа из источника: 25; Допустимый интервал: 870-891
MR222 - 30мм х 29,MR222,910,,29,40,Источник: brd/Типы резки.txt; Строка источника: 37; Ширины заказа из источника: 30; Допустимый интервал: 870-891
"MR222 - 32,5мм х 27",MR222,910,,27,32.5,Источник: brd/Типы резки.txt; Строка источника: 63; Ширины заказа из источника: 33; Допустимый интервал: 870-891
MR222 - 35мм х 25,MR222,910,,25,35,Источник: brd/Типы резки.txt; Строка источника: 103; Ширины заказа из источника: 35; Допустимый интервал: 870-891
MR222 - 40мм х 22,MR222,910,,22,30,Источник: brd/Типы резки.txt; Строка источника: 122; Ширины заказа из источника: 40; Допустимый интервал: 870-891
MR222 - 44мм х 20,MR222,910,,20,30,"Источник: brd/Типы резки.txt; Строк источника: 2; Ширины заказа из источника: 40, 45; Допустимый интервал: 870-891"
MR222 - 49мм х 18,MR222,910,,18,28,Источник: brd/Типы резки.txt; Строка источника: 179; Ширины заказа из источника: 50; Допустимый интервал: 870-891
MR222 - 55мм х 12 + 110 мм х 2,MR222,910,,14,30,"Источник: brd/Типы резки.txt; Строк источника: 2; Ширины заказа из источника: 57, 110; Допустимый интервал: 870-891"
MR222 - 59мм х 15,MR222,910,,15,25,Источник: brd/Типы резки.txt; Строка источника: 278; Ширины заказа из источника: 60; Допустимый интервал: 870-891
MR222 - 64мм х 12 + 110 мм х 1,MR222,910,,13,32,"Источник: brd/Типы резки.txt; Строк источника: 2; Ширины заказа из источника: 64, 110; Допустимый интервал: 870-891"
MR222 - 80мм х 11,MR222,910,,11,30,Источник: brd/Типы резки.txt; Строка источника: 392; Ширины заказа из источника: 80; Допустимый интервал: 870-891
MR224 - 110мм х 8,MR224,910,,8,30,Источник: brd/Типы резки.txt; Строка источника: 528; Ширины заказа из источника: 110; Допустимый интервал: 870-891
MR224 - 165мм х 5 + 60 мм х 1,MR224,910,,6,25,"Источник: brd/Типы резки.txt; Строк источника: 2; Ширины заказа из источника: 60, 165; Допустимый интервал: 870-891"
MR224 - 25мм х 35,MR224,910,,35,35,Источник: brd/Типы резки.txt; Строка источника: 18; Ширины заказа из источника: 25; Допустимый интервал: 870-891; Строк в План производства.xlsx: 1; Среднее время одной резки: 8.4 мин; Средняя переналадка: 15 мин
MR224 - 40мм х 22,MR224,910,,22,30,Источник: brd/Типы резки.txt; Строка источника: 124; Ширины заказа из источника: 40; Допустимый интервал: 870-891
MR224 - 55мм х 12 + 110 мм х 2,MR224,910,,14,30,"Источник: brd/Типы резки.txt; Строк источника: 2; Ширины заказа из источника: 57, 110; Допустимый интервал: 870-891"
MR224 - 55мм х 16,MR224,910,,16,30,Источник: brd/Типы резки.txt; Строка источника: 206; Ширины заказа из источника: 55; Допустимый интервал: 870-891
MR224 - 59мм х 15,MR224,910,,15,25,Источник: brd/Типы резки.txt; Строка источника: 280; Ширины заказа из источника: 60; Допустимый интервал: 870-891
"MR300L - 32,5мм х 27",MR300L,910,,27,32.5,Источник: brd/Типы резки.txt; Строка источника: 64; Ширины заказа из источника: 33; Допустимый интервал: 870-891
MR312 - 110мм х 6 + 30 мм х 7,MR312,910,,13,40,"Источник: brd/Типы резки.txt; Строк источника: 2; Ширины заказа из источника: 30, 110; Допустимый интервал: 870-891"
MR312 - 110мм х 8,MR312,910,,8,30,Источник: brd/Типы резки.txt; Строка источника: 531; Ширины заказа из источника: 110; Допустимый интервал: 870-891
MR312 - 152мм х 5 + 110 мм х 1,MR312,910,,6,40,"Источник: brd/Типы резки.txt; Строк источника: 2; Ширины заказа из источника: 110, 152; Допустимый интервал: 870-891"
MR312 - 156мм х 5 + 110 мм х 1,MR312,910,,6,20,"Источник: brd/Типы резки.txt; Строк источника: 2; Ширины заказа из источника: 110, 156; Допустимый интервал: 870-891"
MR312 - 168мм х 5 + 40 мм х 1,MR312,910,,6,30,"Источник: brd/Типы резки.txt; Строк источника: 2; Ширины заказа из источника: 40, 168; Допустимый интервал: 870-891"
MR312 - 20мм х 44,MR312,910,,44,30,Источник: brd/Типы резки.txt; Строка источника: 6; Ширины заказа из источника: 20; Допустимый интервал: 870-891
MR312 - 25мм х 35,MR312,910,,35,35,Источник: brd/Типы резки.txt; Строка источника: 19; Ширины заказа из источника: 25; Допустимый интервал: 870-891
MR312 - 30мм х 29,MR312,910,,29,40,Источник: brd/Типы резки.txt; Строка источника: 39; Ширины заказа из источника: 30; Допустимый интервал: 870-891
MR312 - 30мм х 7 + 110 мм х 6,MR312,910,,13,40,"Источник: brd/Типы резки.txt; Строк источника: 2; Ширины заказа из источника: 30, 110; Допустимый интервал: 870-891"
MR312 - 30мм х 7 + 60 мм х 11,MR312,910,,18,40,"Источник: brd/Типы резки.txt; Строк источника: 2; Ширины заказа из источника: 30, 60; Допустимый интервал: 870-891"
MR312 - 30мм х 9 + 60 мм х 10,MR312,910,,19,40,"Источник: brd/Типы резки.txt; Строк источника: 2; Ширины заказа из источника: 30, 60; Допустимый интервал: 870-891"
MR312 - 35мм х 25,MR312,910,,25,35,Источник: brd/Типы резки.txt; Строка источника: 104; Ширины заказа из источника: 35; Допустимый интервал: 870-891
MR312 - 40мм х 22,MR312,910,,22,30,Источник: brd/Типы резки.txt; Строка источника: 126; Ширины заказа из источника: 40; Допустимый интервал: 870-891
MR312 - 44мм х 20,MR312,910,,20,30,Источник: brd/Типы резки.txt; Строка источника: 167; Ширины заказа из источника: 45; Допустимый интервал: 870-891
MR312 - 49мм х 18,MR312,910,,18,28,Источник: brd/Типы резки.txt; Строка источника: 180; Ширины заказа из источника: 50; Допустимый интервал: 870-891
MR312 - 55мм х 12 + 110 мм х 1,MR312,910,,13,140,"Источник: brd/Типы резки.txt; Строк источника: 2; Ширины заказа из источника: 57, 110; Допустимый интервал: 870-891"
MR312 - 55мм х 12 + 110 мм х 2,MR312,910,,14,30,"Источник: brd/Типы резки.txt; Строк источника: 2; Ширины заказа из источника: 57, 110; Допустимый интервал: 870-891"
MR312 - 55мм х 16,MR312,910,,16,30,Источник: brd/Типы резки.txt; Строка источника: 243; Ширины заказа из источника: 57; Допустимый интервал: 870-891
MR312 - 59мм х 15,MR312,910,,15,25,Источник: brd/Типы резки.txt; Строка источника: 283; Ширины заказа из источника: 60; Допустимый интервал: 870-891
"MR312 - 63,5мм х 14",MR312,910,,14,21,"Источник: brd/Типы резки.txt; Строк источника: 2; Ширины заказа из источника: 64, 65; Допустимый интервал: 870-891"
MR312 - 64мм х 12 + 110 мм х 1,MR312,910,,13,32,"Источник: brd/Типы резки.txt; Строк источника: 2; Ширины заказа из источника: 64, 110; Допустимый интервал: 870-891"
MR312 - 80мм х 11,MR312,910,,11,30,Источник: brd/Типы резки.txt; Строка источника: 393; Ширины заказа из источника: 80; Допустимый интервал: 870-891
MR312 - 84мм х 9 + 60 мм х 2,MR312,910,,11,34,"Источник: brd/Типы резки.txt; Строк источника: 2; Ширины заказа из источника: 60, 84; Допустимый интервал: 870-891"
MR312 - 88мм х 10,MR312,910,,10,30,Источник: brd/Типы резки.txt; Строка источника: 429; Ширины заказа из источника: 88; Допустимый интервал: 870-891
MR314L - 25мм х 26,MR314L,680,,26,30,Источник: brd/Типы резки.txt; Строка источника: 20; Ширины заказа из источника: 25; Допустимый интервал: Узкое; Комментарий: Лучше уточнить
MR314L - 30мм х 22,MR314L,680,,22,20,Источник: brd/Типы резки.txt; Строка источника: 43; Ширины заказа из источника: 30; Допустимый интервал: Узкое; Комментарий: Лучше уточнить
"MR314L - 32,5мм х 20",MR314L,680,,20,30,Источник: brd/Типы резки.txt; Строка источника: 65; Ширины заказа из источника: 33; Допустимый интервал: Узкое; Комментарий: Лучше уточнить; Строк в План производства.xlsx: 1; Среднее время одной резки: 8.4 мин; Средняя переналадка: 15 мин
MR314L - 34мм х 19,MR314L,680,,19,34,Источник: brd/Типы резки.txt; Строка источника: 89; Ширины заказа из источника: 34; Допустимый интервал: Узкое; Комментарий: Лучше уточнить
"MR314L - 54,5мм х 12",MR314L,680,,12,26,Источник: brd/Типы резки.txt; Строка источника: 207; Ширины заказа из источника: 55; Допустимый интервал: Узкое; Комментарий: Лучше уточнить
MR314L - 80мм х 8,MR314L,680,,8,40,Источник: brd/Типы резки.txt; Строка источника: 394; Ширины заказа из источника: 80; Допустимый интервал: Узкое; Комментарий: Лучше уточнить
MR377 - 110мм х 8,MR377,910,,8,30,Источник: brd/Типы резки.txt; Строка источника: 538; Ширины заказа из источника: 110; Допустимый интервал: 870-891
MR377 - 130мм х 6 + 110 мм х 1,MR377,910,,7,20,"Источник: brd/Типы резки.txt; Строк источника: 2; Ширины заказа из источника: 110, 130; Допустимый интервал: 870-891"
MR377 - 156мм х 5 + 110 мм х 1,MR377,910,,6,20,Источник: brd/Типы резки.txt; Строка источника: 540; Ширины заказа из источника: 110; Допустимый интервал: 870-891
MR377 - 220мм х 4,MR377,910,,4,30,Источник: brd/Типы резки.txt; Строка источника: 674; Ширины заказа из источника: 220; Допустимый интервал: 870-891
"MR377 - 32,5мм х 27",MR377,910,,27,32.5,Источник: brd/Типы резки.txt; Строка источника: 66; Ширины заказа из источника: 33; Допустимый интервал: 870-891
MR377 - 40мм х 22,MR377,910,,22,30,Источник: brd/Типы резки.txt; Строка источника: 127; Ширины заказа из источника: 40; Допустимый интервал: 870-891
MR377 - 59мм х 15,MR377,910,,15,25,Источник: brd/Типы резки.txt; Строка источника: 285; Ширины заказа из источника: 60; Допустимый интервал: 870-891
"MR377 - 63,5мм х 14",MR377,910,,14,21,Источник: brd/Типы резки.txt; Строка источника: 332; Ширины заказа из источника: 64; Допустимый интервал: 870-891
MW205 - 110мм х 8,MW205,910,,8,30,Источник: brd/Типы резки.txt; Строка источника: 541; Ширины заказа из источника: 110; Допустимый интервал: 870-891
MW205 - 49мм х 18,MW205,910,,18,28,Источник: brd/Типы резки.txt; Строка источника: 181; Ширины заказа из источника: 50; Допустимый интервал: 870-891
MW205 - 59мм х 15,MW205,910,,15,25,Источник: brd/Типы резки.txt; Строка источника: 286; Ширины заказа из источника: 60; Допустимый интервал: 870-891
MW205 - 74мм х 12,MW205,910,,12,22,Источник: brd/Типы резки.txt; Строка источника: 382; Ширины заказа из источника: 75; Допустимый интервал: 870-891
MW208 - 110мм х 8,MW208,910,,8,30,Источник: brd/Типы резки.txt; Строка источника: 542; Ширины заказа из источника: 110; Допустимый интервал: 870-891
MW208 - 156мм х 5 + 100 мм х 1,MW208,910,,6,30,"Источник: brd/Типы резки.txt; Строк источника: 2; Ширины заказа из источника: 100, 156; Допустимый интервал: 870-891"
MW208 - 160мм х 4 + 110 мм х 2,MW208,910,,6,50,"Источник: brd/Типы резки.txt; Строк источника: 2; Ширины заказа из источника: 110, 165; Допустимый интервал: 870-891"
MW208 - 160мм х 5 + 80 мм х 1,MW208,910,,6,30,"Источник: brd/Типы резки.txt; Строк источника: 2; Ширины заказа из источника: 80, 160; Допустимый интервал: 870-891"
MW208 - 165мм х 4 + 110 мм х 2,MW208,910,,6,30,"Источник: brd/Типы резки.txt; Строк источника: 2; Ширины заказа из источника: 110, 165; Допустимый интервал: 870-891"
MW208 - 180мм х 4 + 156 мм х 1,MW208,910,,5,34,"Источник: brd/Типы резки.txt; Строк источника: 2; Ширины заказа из источника: 156, 180; Допустимый интервал: 870-891"
MW208 - 40мм х 22,MW208,910,,22,30,Источник: brd/Типы резки.txt; Строка источника: 128; Ширины заказа из источника: 40; Допустимый интервал: 870-891
MW208 - 55мм х 16,MW208,910,,16,30,Источник: brd/Типы резки.txt; Строка источника: 208; Ширины заказа из источника: 55; Допустимый интервал: 870-891
MW208 - 59мм х 15,MW208,910,,15,25,Источник: brd/Типы резки.txt; Строка источника: 287; Ширины заказа из источника: 60; Допустимый интервал: 870-891
"MW208 - 63,5мм х 14",MW208,910,,14,21,Источник: brd/Типы резки.txt; Строка источника: 349; Ширины заказа из источника: 65; Допустимый интервал: 870-891
MW208 - 70мм х 11 + 110 мм х 1,MW208,910,,12,30,"Источник: brd/Типы резки.txt; Строк источника: 2; Ширины заказа из источника: 70, 110; Допустимый интервал: 870-891"
MW208 - 80мм х 11,MW208,910,,11,30,Источник: brd/Типы резки.txt; Строка источника: 396; Ширины заказа из источника: 80; Допустимый интервал: 870-891
MW208 - 99мм х 9,MW208,910,,9,19,Источник: brd/Типы резки.txt; Строка источника: 465; Ширины заказа из источника: 100; Допустимый интервал: 870-891
MW308 - 100мм х 8 + 40 мм х 2,MW308,910,,10,30,"Источник: brd/Типы резки.txt; Строк источника: 2; Ширины заказа из источника: 40, 100; Допустимый интервал: 870-891"
MW308 - 100мм х 8 + 80 мм х 1,MW308,910,,9,30,"Источник: brd/Типы резки.txt; Строк источника: 3; Ширины заказа из источника: 80, 100, 102; Допустимый интервал: 870-891"
MW308 - 102мм х 8 + 59 мм х 1,MW308,910,,9,35,"Источник: brd/Типы резки.txt; Строк источника: 3; Ширины заказа из источника: 59, 60, 102; Допустимый интервал: 870-891"
MW308 - 102мм х 8 + 60 мм х 1,MW308,910,,9,34,"Источник: brd/Типы резки.txt; Строк источника: 2; Ширины заказа из источника: 60, 102; Допустимый интервал: 870-891"
"MW308 - 103,5мм х 8 + 59 мм х 1",MW308,910,,9,23,"Источник: brd/Типы резки.txt; Строк источника: 2; Ширины заказа из источника: 60, 104; Допустимый интервал: 870-891"
"MW308 - 103,5мм х 8 + 59,5 мм х 1",MW308,910,,9,22.5,"Источник: brd/Типы резки.txt; Строк источника: 2; Ширины заказа из источника: 60, 104; Допустимый интервал: 870-891"
MW308 - 104мм х 7 + 80 мм х 2,MW308,910,,9,22,"Источник: brd/Типы резки.txt; Строк источника: 2; Ширины заказа из источника: 80, 104; Допустимый интервал: 870-891"
MW308 - 104мм х 8 + 40 мм х 1,MW308,910,,9,38,"Источник: brd/Типы резки.txt; Строк источника: 2; Ширины заказа из источника: 40, 104; Допустимый интервал: 870-891"
MW308 - 104мм х 8 + 50 мм х 1,MW308,910,,9,28,"Источник: brd/Типы резки.txt; Строк источника: 2; Ширины заказа из источника: 50, 104; Допустимый интервал: 870-891"
MW308 - 105мм х 8 + 40 мм х 1,MW308,910,,9,30,"Источник: brd/Типы резки.txt; Строк источника: 2; Ширины заказа из источника: 40, 105; Допустимый интервал: 870-891"
MW308 - 110мм х 15,MW308,910,,15,-740,Источник: brd/Типы резки.txt; Строка источника: 546; Ширины заказа из источника: 110; Допустимый интервал: 870-891
MW308 - 110мм х 8,MW308,910,,8,30,"Источник: brd/Типы резки.txt; Строк источника: 3; Ширины заказа из источника: 60, 80, 110; Допустимый интервал: 870-891; Строк в План производства.xlsx: 13; Среднее время одной резки: 4.2 мин; Средняя переналадка: 30.83 мин"
MW308 - 130мм х 6 + 110 мм х 1,MW308,910,,7,20,"Источник: brd/Типы резки.txt; Строк источника: 2; Ширины заказа из источника: 110, 130; Допустимый интервал: 870-891"
MW308 - 135мм х 6 + 65 мм х 1,MW308,910,,7,35,"Источник: brd/Типы резки.txt; Строк источника: 2; Ширины заказа из источника: 65, 135; Допустимый интервал: 870-891"
MW308 - 135мм х 6 + 80 мм х 1,MW308,910,,7,20,"Источник: brd/Типы резки.txt; Строк источника: 2; Ширины заказа из источника: 80, 135; Допустимый интервал: 870-891"
MW308 - 150мм х 5 + 110 мм х 1,MW308,910,,6,50,"Источник: brd/Типы резки.txt; Строк источника: 2; Ширины заказа из источника: 110, 150; Допустимый интервал: 870-891; Строк в План производства.xlsx: 6; Среднее время одной резки: 4.2 мин; Средняя переналадка: 22.5 мин"
MW308 - 150мм х 5 + 59 мм х 2,MW308,910,,7,42,"Источник: brd/Типы резки.txt; Строк источника: 2; Ширины заказа из источника: 60, 150; Допустимый интервал: 870-891"
MW308 - 150мм х 5 + 60 мм х 2,MW308,910,,7,40,"Источник: brd/Типы резки.txt; Строк источника: 2; Ширины заказа из источника: 60, 150; Допустимый интервал: 870-891"
MW308 - 152мм х 5 + 110 мм х 1,MW308,910,,6,40,"Источник: brd/Типы резки.txt; Строк источника: 2; Ширины заказа из источника: 110, 152; Допустимый интервал: 870-891; Строк в План производства.xlsx: 2; Среднее время одной резки: 4.2 мин; Средняя переналадка: 50 мин"
MW308 - 152мм х 5 + 59 мм х 2,MW308,910,,7,32,"Источник: brd/Типы резки.txt; Строк источника: 2; Ширины заказа из источника: 60, 152; Допустимый интервал: 870-891"
MW308 - 154мм х 4 + 89 мм х 3,MW308,910,,7,27,"Источник: brd/Типы резки.txt; Строк источника: 2; Ширины заказа из источника: 90, 150; Допустимый интервал: 870-891"
MW308 - 154мм х 5 + 110 мм х 1,MW308,910,,6,30,"Источник: brd/Типы резки.txt; Строк источника: 3; Ширины заказа из источника: 110, 154, 155; Допустимый интервал: 870-891; Строк в План производства.xlsx: 2; Среднее время одной резки: 4.2 мин; Средняя переналадка: 15 мин"
MW308 - 155мм х 5 + 110 мм х 1,MW308,910,,6,25,"Источник: brd/Типы резки.txt; Строк источника: 2; Ширины заказа из источника: 110, 155; Допустимый интервал: 870-891"
MW308 - 156мм х 5 + 110 мм х 1,MW308,910,,6,20,"Источник: brd/Типы резки.txt; Строк источника: 2; Ширины заказа из источника: 110, 156; Допустимый интервал: 870-891"
MW308 - 156мм х 5 + 50 мм х 2,MW308,910,,7,30,"Источник: brd/Типы резки.txt; Строк источника: 2; Ширины заказа из источника: 50, 156; Допустимый интервал: 870-891"
MW308 - 165мм х 5 + 60 мм х 1,MW308,910,,6,25,"Источник: brd/Типы резки.txt; Строк источника: 2; Ширины заказа из источника: 60, 165; Допустимый интервал: 870-891"
MW308 - 16мм х 8,MW308,910,,8,782,Источник: brd/Типы резки.txt; Строка источника: 554; Ширины заказа из источника: 110; Допустимый интервал: 870-891
MW308 - 170мм х 4 + 99 мм х 2,MW308,910,,6,32,"Источник: brd/Типы резки.txt; Строк источника: 2; Ширины заказа из источника: 170, 100; Допустимый интервал: 870-891"
MW308 - 20мм х 44,MW308,910,,44,30,Источник: brd/Типы резки.txt; Строка источника: 7; Ширины заказа из источника: 20; Допустимый интервал: 870-891
MW308 - 210мм х 4 + 40 мм х 1,MW308,910,,5,30,"Источник: brd/Типы резки.txt; Строк источника: 2; Ширины заказа из источника: 40, 210; Допустимый интервал: 870-891"
MW308 - 220мм х 4,MW308,910,,4,30,Источник: brd/Типы резки.txt; Строка источника: 675; Ширины заказа из источника: 220; Допустимый интервал: 870-891
MW308 - 25мм х 35,MW308,910,,35,35,Источник: brd/Типы резки.txt; Строка источника: 21; Ширины заказа из источника: 25; Допустимый интервал: 870-891
MW308 - 25мм х 39,MW308,910,,39,-65,Источник: brd/Типы резки.txt; Строка источника: 555; Ширины заказа из источника: 110; Допустимый интервал: 870-891
MW308 - 273мм х 3 + 60 мм х 1,MW308,910,,4,31,"Источник: brd/Типы резки.txt; Строк источника: 2; Ширины заказа из источника: 60, 273; Допустимый интервал: 870-891"
MW308 - 30мм х 29,MW308,910,,29,40,Источник: brd/Типы резки.txt; Строка источника: 44; Ширины заказа из источника: 30; Допустимый интервал: 870-891; Строк в План производства.xlsx: 2; Среднее время одной резки: 4.2 мин; Средняя переналадка: 15 мин
"MW308 - 32,5мм х 27",MW308,910,,27,32.5,Источник: brd/Типы резки.txt; Строка источника: 67; Ширины заказа из источника: 33; Допустимый интервал: 870-891
MW308 - 35мм х 25,MW308,910,,25,35,Источник: brd/Типы резки.txt; Строка источника: 105; Ширины заказа из источника: 35; Допустимый интервал: 870-891
MW308 - 40мм х 22,MW308,910,,22,30,Источник: brd/Типы резки.txt; Строка источника: 133; Ширины заказа из источника: 40; Допустимый интервал: 870-891; Строк в План производства.xlsx: 2; Среднее время одной резки: 4.2 мин; Средняя переналадка: 22.5 мин
MW308 - 440мм х 20,MW308,910,,20,-7890,Источник: brd/Типы резки.txt; Строка источника: 168; Ширины заказа из источника: 45; Допустимый интервал: 870-891
MW308 - 44мм х 20,MW308,910,,20,30,Источник: brd/Типы резки.txt; Строка источника: 169; Ширины заказа из источника: 45; Допустимый интервал: 870-891
MW308 - 49мм х 18,MW308,910,,18,28,Источник: brd/Типы резки.txt; Строка источника: 184; Ширины заказа из источника: 50; Допустимый интервал: 870-891; Строк в План производства.xlsx: 2; Среднее время одной резки: 4.2 мин; Средняя переналадка: 30 мин
MW308 - 50мм х 17 + 30 мм х 1,MW308,910,,18,30,"Источник: brd/Типы резки.txt; Строк источника: 2; Ширины заказа из источника: 30, 50; Допустимый интервал: 870-891"
MW308 - 52мм х 17,MW308,910,,17,26,Источник: brd/Типы резки.txt; Строка источника: 202; Ширины заказа из источника: 52; Допустимый интервал: 870-891
MW308 - 55мм х 12 + 110 мм х 2,MW308,910,,14,30,"Источник: brd/Типы резки.txt; Строк источника: 2; Ширины заказа из источника: 57, 110; Допустимый интервал: 870-891"
MW308 - 55мм х 16,MW308,910,,16,30,"Источник: brd/Типы резки.txt; Строк источника: 2; Ширины заказа из источника: 55, 57; Допустимый интервал: 870-891; Строк в План производства.xlsx: 1; Среднее время одной резки: 4.2 мин; Средняя переналадка: 30 мин"
MW308 - 59 мм х 15,MW308,910,,15,25,Источник: brd/Типы резки.txt; Строка источника: 298; Ширины заказа из источника: 60; Допустимый интервал: 870-891
MW308 - 59мм х 15,MW308,910,,15,25,"Источник: brd/Типы резки.txt; Строк источника: 2; Ширины заказа из источника: 60, 80; Допустимый интервал: 870-891; Строк в План производства.xlsx: 10; Среднее время одной резки: 4.2 мин; Средняя переналадка: 20 мин"
MW308 - 60мм х 11 + 110 мм х 2,MW308,910,,13,30,"Источник: brd/Типы резки.txt; Строк источника: 2; Ширины заказа из источника: 60, 110; Допустимый интервал: 870-891"
MW308 - 60мм х 14 + 40 мм х 1,MW308,910,,15,30,"Источник: brd/Типы резки.txt; Строк источника: 2; Ширины заказа из источника: 40, 60; Допустимый интервал: 870-891"
MW308 - 60мм х 8 + 100 мм х 4,MW308,910,,12,30,"Источник: brd/Типы резки.txt; Строк источника: 2; Ширины заказа из источника: 60, 100; Допустимый интервал: 870-891"
"MW308 - 63,5мм х 14",MW308,910,,14,21,"Источник: brd/Типы резки.txt; Строк источника: 2; Ширины заказа из источника: 64, 65; Допустимый интервал: 870-891"
MW308 - 64мм х 12 + 110 мм х 1,MW308,910,,13,32,"Источник: brd/Типы резки.txt; Строк источника: 2; Ширины заказа из источника: 64, 110; Допустимый интервал: 870-891"
MW308 - 64мм х 12 + 55 мм х 2,MW308,910,,14,32,"Источник: brd/Типы резки.txt; Строк источника: 2; Ширины заказа из источника: 57, 64; Допустимый интервал: 870-891"
MW308 - 64мм х 12 + 57 мм х 1,MW308,910,,13,85,"Источник: brd/Типы резки.txt; Строк источника: 2; Ширины заказа из источника: 57, 64; Допустимый интервал: 870-891"
MW308 - 64мм х 12 + 57 мм х 2,MW308,910,,14,28,"Источник: brd/Типы резки.txt; Строк источника: 2; Ширины заказа из источника: 57, 64; Допустимый интервал: 870-891"
MW308 - 65мм х 12 + 110 мм х 1,MW308,910,,13,20,"Источник: brd/Типы резки.txt; Строк источника: 2; Ширины заказа из источника: 65, 110; Допустимый интервал: 870-891"
MW308 - 65мм х 13 + 40 мм х 1,MW308,910,,14,25,"Источник: brd/Типы резки.txt; Строк источника: 2; Ширины заказа из источника: 40, 65; Допустимый интервал: 870-891"
MW308 - 70мм х 11 + 110 мм х 1,MW308,910,,12,30,"Источник: brd/Типы резки.txt; Строк источника: 2; Ширины заказа из источника: 70, 110; Допустимый интервал: 870-891; Строк в План производства.xlsx: 4; Среднее время одной резки: 4.2 мин"
MW308 - 70мм х 12 + 40 мм х 1,MW308,910,,13,30,"Источник: brd/Типы резки.txt; Строк источника: 2; Ширины заказа из источника: 40, 70; Допустимый интервал: 870-891; Строк в План производства.xlsx: 2; Среднее время одной резки: 4.2 мин; Средняя переналадка: 50 мин"
MW308 - 73мм х 12,MW308,910,,12,34,Источник: brd/Типы резки.txt; Строка источника: 377; Ширины заказа из источника: 73; Допустимый интервал: 870-891
MW308 - 74мм х 12,MW308,910,,12,22,Источник: brd/Типы резки.txt; Строка источника: 383; Ширины заказа из источника: 75; Допустимый интервал: 870-891; Строк в План производства.xlsx: 1; Среднее время одной резки: 4.2 мин; Средняя переналадка: 50 мин
MW308 - 80мм х 11,MW308,910,,11,30,Источник: brd/Типы резки.txt; Строка источника: 402; Ширины заказа из источника: 80; Допустимый интервал: 870-891; Строк в План производства.xlsx: 3; Среднее время одной резки: 4.2 мин; Средняя переналадка: 40 мин
MW308 - 83мм х 10 + 50 мм х 1,MW308,910,,11,30,"Источник: brd/Типы резки.txt; Строк источника: 2; Ширины заказа из источника: 50, 83; Допустимый интервал: 870-891"
MW308 - 83мм х 8 + 110 мм х 2,MW308,910,,10,26,"Источник: brd/Типы резки.txt; Строк источника: 2; Ширины заказа из источника: 83, 110; Допустимый интервал: 870-891"
MW308 - 84мм х 10 + 40 мм х 1,MW308,910,,11,30,"Источник: brd/Типы резки.txt; Строк источника: 2; Ширины заказа из источника: 40, 84; Допустимый интервал: 870-891"
MW308 - 84мм х 9 + 60 мм х 2,MW308,910,,11,34,"Источник: brd/Типы резки.txt; Строк источника: 2; Ширины заказа из источника: 60, 85; Допустимый интервал: 870-891"
MW308 - 85мм х 10 + 110 мм х 1,MW308,910,,11,-50,"Источник: brd/Типы резки.txt; Строк источника: 2; Ширины заказа из источника: 85, 110; Допустимый интервал: 870-891"
MW308 - 85мм х 9 + 110 мм х 1,MW308,910,,10,35,"Источник: brd/Типы резки.txt; Строк источника: 2; Ширины заказа из источника: 85, 110; Допустимый интервал: 870-891"
MW308 - 87мм х 10,MW308,910,,10,40,Источник: brd/Типы резки.txt; Строка источника: 424; Ширины заказа из источника: 87; Допустимый интервал: 870-891
MW308 - 880мм х 1,MW308,910,,1,30,Источник: brd/Типы резки.txt; Строка источника: 681; Ширины заказа из источника: 880; Допустимый интервал: 870-891
MW308 - 88мм х 10,MW308,910,,10,30,Источник: brd/Типы резки.txt; Строка источника: 430; Ширины заказа из источника: 88; Допустимый интервал: 870-891
MW308 - 89мм х 10,MW308,910,,10,20,"Источник: brd/Типы резки.txt; Строк источника: 2; Ширины заказа из источника: 87, 90; Допустимый интервал: 870-891; Строк в План производства.xlsx: 4; Среднее время одной резки: 4.2 мин; Средняя переналадка: 35 мин"
MW308 - 90мм х 9 + 80 мм х 1,MW308,910,,10,20,"Источник: brd/Типы резки.txt; Строк источника: 2; Ширины заказа из источника: 80, 90; Допустимый интервал: 870-891"
MW308 - 95мм х 9,MW308,910,,9,55,Источник: brd/Типы резки.txt; Строка источника: 454; Ширины заказа из источника: 95; Допустимый интервал: 870-891
MW308 - 95мм х 9 + 30 мм х 1,MW308,910,,10,25,"Источник: brd/Типы резки.txt; Строк источника: 2; Ширины заказа из источника: 30, 95; Допустимый интервал: 870-891"
MW308 - 98мм х 9,MW308,910,,9,28,Источник: brd/Типы резки.txt; Строка источника: 459; Ширины заказа из источника: 98; Допустимый интервал: 870-891
MW308 - 99мм х 9,MW308,910,,9,19,"Источник: brd/Типы резки.txt; Строк источника: 2; Ширины заказа из источника: 100, 110; Допустимый интервал: 870-891; Строк в План производства.xlsx: 1; Среднее время одной резки: 4.2 мин; Средняя переналадка: 15 мин"
MW401 - 102мм х 8 + 60 мм х 1,MW401,910,,9,34,"Источник: brd/Типы резки.txt; Строк источника: 2; Ширины заказа из источника: 60, 102; Допустимый интервал: 870-891"
MW401 - 105мм х 8 + 40 мм х 1,MW401,910,,9,30,"Источник: brd/Типы резки.txt; Строк источника: 2; Ширины заказа из источника: 40, 105; Допустимый интервал: 870-891"
MW401 - 110мм х 8,MW401,910,,8,30,"Источник: brd/Типы резки.txt; Строк источника: 2; Ширины заказа из источника: 80, 110; Допустимый интервал: 870-891"
MW401 - 130мм х 6 + 110 мм х 1,MW401,910,,7,20,"Источник: brd/Типы резки.txt; Строк источника: 2; Ширины заказа из источника: 110, 130; Допустимый интервал: 870-891"
MW401 - 135мм х 4 + 110 мм х 3,MW401,910,,7,40,"Источник: brd/Типы резки.txt; Строк источника: 2; Ширины заказа из источника: 110, 135; Допустимый интервал: 870-891"
MW401 - 135мм х 6 + 80 мм х 1,MW401,910,,7,20,"Источник: brd/Типы резки.txt; Строк источника: 2; Ширины заказа из источника: 80, 135; Допустимый интервал: 870-891"
MW401 - 156мм х 5 + 110 мм х 1,MW401,910,,6,20,"Источник: brd/Типы резки.txt; Строк источника: 2; Ширины заказа из источника: 110, 156; Допустимый интервал: 870-891"
MW401 - 160мм х 4 + 60 мм х 4,MW401,910,,8,30,"Источник: brd/Типы резки.txt; Строк источника: 2; Ширины заказа из источника: 60, 160; Допустимый интервал: 870-891"
MW401 - 160мм х 5 + 80 мм х 1,MW401,910,,6,30,"Источник: brd/Типы резки.txt; Строк источника: 2; Ширины заказа из источника: 80, 160; Допустимый интервал: 870-891"
MW401 - 170мм х 5 + 35 мм х 1,MW401,910,,6,25,"Источник: brd/Типы резки.txt; Строк источника: 2; Ширины заказа из источника: 35, 170; Допустимый интервал: 870-891"
MW401 - 20мм х 44,MW401,910,,44,30,Источник: brd/Типы резки.txt; Строка источника: 8; Ширины заказа из источника: 20; Допустимый интервал: 870-891
MW401 - 25мм х 35,MW401,910,,35,35,Источник: brd/Типы резки.txt; Строка источника: 22; Ширины заказа из источника: 25; Допустимый интервал: 870-891
MW401 - 30мм х 29,MW401,910,,29,40,Источник: brd/Типы резки.txt; Строка источника: 47; Ширины заказа из источника: 30; Допустимый интервал: 870-891; Строк в План производства.xlsx: 1; Среднее время одной резки: 4.2 мин
MW401 - 40мм х 22,MW401,910,,22,30,Источник: brd/Типы резки.txt; Строка источника: 139; Ширины заказа из источника: 40; Допустимый интервал: 870-891; Строк в План производства.xlsx: 1; Среднее время одной резки: 8.4 мин; Средняя переналадка: 15 мин
MW401 - 49мм х 18,MW401,910,,18,28,Источник: brd/Типы резки.txt; Строка источника: 187; Ширины заказа из источника: 50; Допустимый интервал: 870-891
MW401 - 55мм х 12 + 110 мм х 2,MW401,910,,14,30,"Источник: brd/Типы резки.txt; Строк источника: 2; Ширины заказа из источника: 57, 110; Допустимый интервал: 870-891"
MW401 - 59мм х 15,MW401,910,,15,25,Источник: brd/Типы резки.txt; Строка источника: 306; Ширины заказа из источника: 60; Допустимый интервал: 870-891; Строк в План производства.xlsx: 5; Среднее время одной резки: 5.04 мин; Средняя переналадка: 22.5 мин
"MW401 - 63,5мм х 14",MW401,910,,14,21,Источник: brd/Типы резки.txt; Строка источника: 354; Ширины заказа из источника: 65; Допустимый интервал: 870-891
MW401 - 64мм х 12 + 110 мм х 1,MW401,910,,13,32,"Источник: brd/Типы резки.txt; Строк источника: 2; Ширины заказа из источника: 64, 110; Допустимый интервал: 870-891; Строк в План производства.xlsx: 2; Среднее время одной резки: 4.2 мин; Средняя переналадка: 50 мин"
MW401 - 64мм х 12 + 55 мм х 2,MW401,910,,14,32,"Источник: brd/Типы резки.txt; Строк источника: 2; Ширины заказа из источника: 57, 64; Допустимый интервал: 870-891"
MW401 - 64мм х 12 + 57 мм х 2,MW401,910,,14,28,"Источник: brd/Типы резки.txt; Строк источника: 2; Ширины заказа из источника: 57, 64; Допустимый интервал: 870-891"
MW401 - 70мм х 11 + 110 мм х 1,MW401,910,,12,30,"Источник: brd/Типы резки.txt; Строк источника: 2; Ширины заказа из источника: 70, 110; Допустимый интервал: 870-891"
MW401 - 70мм х 12 + 40 мм х 1,MW401,910,,13,30,"Источник: brd/Типы резки.txt; Строк источника: 2; Ширины заказа из источника: 40, 70; Допустимый интервал: 870-891"
MW401 - 74мм х 12,MW401,910,,12,22,Источник: brd/Типы резки.txt; Строка источника: 384; Ширины заказа из источника: 75; Допустимый интервал: 870-891
MW401 - 80мм х 11,MW401,910,,11,30,Источник: brd/Типы резки.txt; Строка источника: 407; Ширины заказа из источника: 80; Допустимый интервал: 870-891; Строк в План производства.xlsx: 1; Среднее время одной резки: 4.2 мин; Средняя переналадка: 30 мин
MW401 - 83мм х 10 + 50 мм х 1,MW401,910,,11,30,"Источник: brd/Типы резки.txt; Строк источника: 2; Ширины заказа из источника: 50, 83; Допустимый интервал: 870-891"
MW401 - 85мм х 9 + 110 мм х 1,MW401,910,,10,35,"Источник: brd/Типы резки.txt; Строк источника: 2; Ширины заказа из источника: 85, 110; Допустимый интервал: 870-891"
MW401 - 88мм х 10,MW401,910,,10,30,Источник: brd/Типы резки.txt; Строка источника: 431; Ширины заказа из источника: 88; Допустимый интервал: 870-891
MW401 - 89мм х 10,MW401,910,,10,20,Источник: brd/Типы резки.txt; Строка источника: 450; Ширины заказа из источника: 90; Допустимый интервал: 870-891
MW401 - 99мм х 9,MW401,910,,9,19,Источник: brd/Типы резки.txt; Строка источника: 471; Ширины заказа из источника: 100; Допустимый интервал: 870-891
MW411 - 102мм х 8 + 60 мм х 1,MW411,910,,9,34,"Источник: brd/Типы резки.txt; Строк источника: 2; Ширины заказа из источника: 60, 102; Допустимый интервал: 870-891"
MW411 - 110мм х 8,MW411,910,,8,30,Источник: brd/Типы резки.txt; Строка источника: 573; Ширины заказа из источника: 110; Допустимый интервал: 870-891; Строк в План производства.xlsx: 4; Среднее время одной резки: 4.2 мин; Средняя переналадка: 26.67 мин
MW411 - 135мм х 4 + 110 мм х 3,MW411,910,,7,40,"Источник: brd/Типы резки.txt; Строк источника: 2; Ширины заказа из источника: 110, 135; Допустимый интервал: 870-891"
MW411 - 156мм х 5 + 110 мм х 1,MW411,910,,6,20,"Источник: brd/Типы резки.txt; Строк источника: 2; Ширины заказа из источника: 110, 156; Допустимый интервал: 870-891"
MW411 - 30мм х 29,MW411,910,,29,40,Источник: brd/Типы резки.txt; Строка источника: 48; Ширины заказа из источника: 30; Допустимый интервал: 870-891; Строк в План производства.xlsx: 1; Среднее время одной резки: 4.2 мин; Средняя переналадка: 50 мин
MW411 - 40мм х 22,MW411,910,,22,30,Источник: brd/Типы резки.txt; Строка источника: 141; Ширины заказа из источника: 40; Допустимый интервал: 870-891; Строк в План производства.xlsx: 3; Среднее время одной резки: 4.2 мин; Средняя переналадка: 41.67 мин
MW411 - 49мм х 18,MW411,910,,18,28,Источник: brd/Типы резки.txt; Строка источника: 189; Ширины заказа из источника: 50; Допустимый интервал: 870-891
MW411 - 55мм х 16,MW411,910,,16,30,"Источник: brd/Типы резки.txt; Строк источника: 2; Ширины заказа из источника: 55, 57; Допустимый интервал: 870-891"
MW411 - 59мм х 15,MW411,910,,15,25,Источник: brd/Типы резки.txt; Строка источника: 308; Ширины заказа из источника: 60; Допустимый интервал: 870-891
"MW411 - 63,5мм х 14",MW411,910,,14,21,Источник: brd/Типы резки.txt; Строка источника: 355; Ширины заказа из источника: 65; Допустимый интервал: 870-891
MW411 - 74мм х 12,MW411,910,,12,22,Источник: brd/Типы резки.txt; Строка источника: 385; Ширины заказа из источника: 75; Допустимый интервал: 870-891
MW411 - 80мм х 11,MW411,910,,11,30,Источник: brd/Типы резки.txt; Строка источника: 408; Ширины заказа из источника: 80; Допустимый интервал: 870-891; Строк в План производства.xlsx: 2; Среднее время одной резки: 4.2 мин
MW411 - 89мм х 10,MW411,910,,10,20,Источник: brd/Типы резки.txt; Строка источника: 451; Ширины заказа из источника: 90; Допустимый интервал: 870-891; Строк в План производства.xlsx: 1; Среднее время одной резки: 4.2 мин; Средняя переналадка: 15 мин
MW411 - 99мм х 9,MW411,910,,9,19,Источник: brd/Типы резки.txt; Строка источника: 472; Ширины заказа из источника: 100; Допустимый интервал: 870-891
MW412 - 110мм х 8,MW412,910,,8,30,Источник: brd/Типы резки.txt; Строка источника: 576; Ширины заказа из источника: 110; Допустимый интервал: 870-891
MW412 - 20мм х 44,MW412,910,,44,30,Источник: brd/Типы резки.txt; Строка источника: 9; Ширины заказа из источника: 20; Допустимый интервал: 870-891
MW412 - 30мм х 29,MW412,910,,29,40,Источник: brd/Типы резки.txt; Строка источника: 49; Ширины заказа из источника: 30; Допустимый интервал: 870-891
MW412 - 49мм х 18,MW412,910,,18,28,Источник: brd/Типы резки.txt; Строка источника: 190; Ширины заказа из источника: 50; Допустимый интервал: 870-891
MW412 - 59мм х 15,MW412,910,,15,25,Источник: brd/Типы резки.txt; Строка источника: 309; Ширины заказа из источника: 60; Допустимый интервал: 870-891
"MW412 - 63,5мм х 14",MW412,910,,14,21,Источник: brd/Типы резки.txt; Строка источника: 356; Ширины заказа из источника: 65; Допустимый интервал: 870-891
MW412 - 80мм х 11,MW412,910,,11,30,Источник: brd/Типы резки.txt; Строка источника: 409; Ширины заказа из источника: 80; Допустимый интервал: 870-891
MW412 - 88мм х 10,MW412,910,,10,30,Источник: brd/Типы резки.txt; Строка источника: 432; Ширины заказа из источника: 88; Допустимый интервал: 870-891
MWR074 - 100мм х 8 + 80 мм х 1,MWR074,910,,9,30,"Источник: brd/Типы резки.txt; Строк источника: 2; Ширины заказа из источника: 80, 100; Допустимый интервал: 870-891"
MWR074 - 110мм х 8,MWR074,910,,8,30,Источник: brd/Типы резки.txt; Строка источника: 577; Ширины заказа из источника: 110; Допустимый интервал: 870-891
MWR074 - 125мм х 7,MWR074,910,,7,35,Источник: brd/Типы резки.txt; Строка источника: 603; Ширины заказа из источника: 125; Допустимый интервал: 870-891
MWR074 - 130мм х 6 + 100 мм х 1,MWR074,910,,7,30,"Источник: brd/Типы резки.txt; Строк источника: 2; Ширины заказа из источника: 100, 130; Допустимый интервал: 870-891"
MWR074 - 130мм х 6 + 110 мм х 1,MWR074,910,,7,20,"Источник: brd/Типы резки.txt; Строк источника: 2; Ширины заказа из источника: 110, 130; Допустимый интервал: 870-891"
MWR074 - 135мм х 6 + 70 мм х 1,MWR074,910,,7,30,"Источник: brd/Типы резки.txt; Строк источника: 2; Ширины заказа из источника: 70, 135; Допустимый интервал: 870-891"
MWR074 - 220мм х 4,MWR074,910,,4,30,Источник: brd/Типы резки.txt; Строка источника: 676; Ширины заказа из источника: 220; Допустимый интервал: 870-891
MWR074 - 25мм х 35,MWR074,910,,35,35,Источник: brd/Типы резки.txt; Строка источника: 23; Ширины заказа из источника: 25; Допустимый интервал: 870-891
MWR074 - 30мм х 29,MWR074,910,,29,40,Источник: brd/Типы резки.txt; Строка источника: 50; Ширины заказа из источника: 30; Допустимый интервал: 870-891
"MWR074 - 32,5мм х 27",MWR074,910,,27,32.5,"Источник: brd/Типы резки.txt; Строк источника: 2; Ширины заказа из источника: 33, 55; Допустимый интервал: 870-891"
MWR074 - 33мм х 27,MWR074,910,,27,19,Источник: brd/Типы резки.txt; Строка источника: 69; Ширины заказа из источника: 33; Допустимый интервал: 870-891
MWR074 - 35мм х 25,MWR074,910,,25,35,Источник: brd/Типы резки.txt; Строка источника: 107; Ширины заказа из источника: 35; Допустимый интервал: 870-891
MWR074 - 40мм х 22,MWR074,910,,22,30,Источник: brd/Типы резки.txt; Строка источника: 142; Ширины заказа из источника: 40; Допустимый интервал: 870-891
MWR074 - 55мм х 10 + 33 мм х 10,MWR074,910,,20,30,"Источник: brd/Типы резки.txt; Строк источника: 2; Ширины заказа из источника: 33, 55; Допустимый интервал: 870-891"
MWR074 - 55мм х 16,MWR074,910,,16,30,Источник: brd/Типы резки.txt; Строка источника: 213; Ширины заказа из источника: 55; Допустимый интервал: 870-891
MWR074 - 59мм х 15,MWR074,910,,15,25,"Источник: brd/Типы резки.txt; Строк источника: 2; Ширины заказа из источника: 59, 60; Допустимый интервал: 870-891"
MWR074 - 60мм х 15,MWR074,910,,15,10,Источник: brd/Типы резки.txt; Строка источника: 311; Ширины заказа из источника: 60; Допустимый интервал: 870-891
MWR074 - 73мм х 12,MWR074,910,,12,34,Источник: brd/Типы резки.txt; Строка источника: 378; Ширины заказа из источника: 73; Допустимый интервал: 870-891
MWR074 - 74мм х 12,MWR074,910,,12,22,"Источник: brd/Типы резки.txt; Строк источника: 2; Ширины заказа из источника: 74, 75; Допустимый интервал: 870-891"
MWR074 - 80мм х 11,MWR074,910,,11,30,Источник: brd/Типы резки.txt; Строка источника: 411; Ширины заказа из источника: 80; Допустимый интервал: 870-891
MWR074 - 88мм х 10,MWR074,910,,10,30,Источник: brd/Типы резки.txt; Строка источника: 433; Ширины заказа из источника: 88; Допустимый интервал: 870-891
MWR074 - 99мм х 9,MWR074,910,,9,19,"Источник: brd/Типы резки.txt; Строк источника: 2; Ширины заказа из источника: 55, 100; Допустимый интервал: 870-891"
"MWR106L - 32,5мм х 27",MWR106L,910,,27,32.5,Источник: brd/Типы резки.txt; Строка источника: 71; Ширины заказа из источника: 33; Допустимый интервал: 870-891
"MWR107L - 32,5мм х 27",MWR107L,910,,27,32.5,Источник: brd/Типы резки.txt; Строка источника: 72; Ширины заказа из источника: 33; Допустимый интервал: 870-891
MWR110L - 22мм х 45,MWR110L,840,,45,-150,Источник: brd/Типы резки.txt; Строка источника: 11; Ширины заказа из источника: 22; Допустимый интервал: Узкое; Комментарий: Лучше уточнить
MWR111L - 110мм х 8,MWR111L,910,,8,30,Источник: brd/Типы резки.txt; Строка источника: 579; Ширины заказа из источника: 110; Допустимый интервал: 870-891
"MWR111L - 32,5мм х 27",MWR111L,910,,27,32.5,Источник: brd/Типы резки.txt; Строка источника: 73; Ширины заказа из источника: 33; Допустимый интервал: 870-891
MWR111L - 35мм х 25,MWR111L,910,,25,35,Источник: brd/Типы резки.txt; Строка источника: 108; Ширины заказа из источника: 35; Допустимый интервал: 870-891
MWR111L - 55мм х 16,MWR111L,910,,16,30,Источник: brd/Типы резки.txt; Строка источника: 215; Ширины заказа из источника: 55; Допустимый интервал: 870-891
MWR112 - 125мм х 7,MWR112,1010,,7,135,Источник: brd/Типы резки.txt; Строка источника: 604; Ширины заказа из источника: 125; Допустимый интервал: Узкое; Комментарий: Лучше уточнить
"MWR112 - 33,5мм х 29",MWR112,1010,,29,38.5,Источник: brd/Типы резки.txt; Строка источника: 90; Ширины заказа из источника: 34; Допустимый интервал: Узкое; Комментарий: Лучше уточнить
MWR112 - 33мм х 30,MWR112,1010,,30,20,Источник: brd/Типы резки.txt; Строка источника: 74; Ширины заказа из источника: 33; Допустимый интервал: Узкое; Комментарий: Лучше уточнить
MWR112 - 54мм х 18,MWR112,1010,,18,38,Источник: brd/Типы резки.txt; Строка источника: 216; Ширины заказа из источника: 55; Допустимый интервал: Узкое; Комментарий: Лучше уточнить
MWR112 - 55мм х 16,MWR112,1010,,16,130,Источник: brd/Типы резки.txt; Строка источника: 217; Ширины заказа из источника: 55; Допустимый интервал: Узкое; Комментарий: Лучше уточнить
MWR113L - 55мм х 10 + 33 мм х 10,MWR113L,910,,20,30,"Источник: brd/Типы резки.txt; Строк источника: 2; Ширины заказа из источника: 33, 55; Допустимый интервал: 870-891"
MWR113L - 55мм х 16,MWR113L,910,,16,30,Источник: brd/Типы резки.txt; Строка источника: 219; Ширины заказа из источника: 55; Допустимый интервал: 870-891; Строк в План производства.xlsx: 9; Среднее время одной резки: 5.13 мин; Средняя переналадка: 33.57 мин
MWR113L - 59мм х 15,MWR113L,910,,15,25,Источник: brd/Типы резки.txt; Строка источника: 261; Ширины заказа из источника: 59; Допустимый интервал: 870-891
MWR118 - 110мм х 8,MWR118,910,,8,30,Источник: brd/Типы резки.txt; Строка источника: 580; Ширины заказа из источника: 110; Допустимый интервал: 870-891; Строк в План производства.xlsx: 1; Среднее время одной резки: 4.2 мин; Средняя переналадка: 15 мин
MWR118 - 125мм х 7,MWR118,910,,7,35,Источник: brd/Типы резки.txt; Строка источника: 605; Ширины заказа из источника: 125; Допустимый интервал: 870-891
MWR118 - 130мм х 6 + 110 мм х 1,MWR118,910,,7,20,"Источник: brd/Типы резки.txt; Строк источника: 2; Ширины заказа из источника: 110, 130; Допустимый интервал: 870-891"
MWR118 - 22мм х 40,MWR118,910,,40,30,Источник: brd/Типы резки.txt; Строка источника: 12; Ширины заказа из источника: 22; Допустимый интервал: 870-891
MWR118 - 25мм х 35,MWR118,910,,35,35,Источник: brd/Типы резки.txt; Строка источника: 24; Ширины заказа из источника: 25; Допустимый интервал: 870-891; Строк в План производства.xlsx: 1; Среднее время одной резки: 4.2 мин; Средняя переналадка: 15 мин
MWR118 - 30мм х 29,MWR118,910,,29,40,Источник: brd/Типы резки.txt; Строка источника: 51; Ширины заказа из источника: 30; Допустимый интервал: 870-891
"MWR118 - 32,5мм х 27",MWR118,910,,27,32.5,Источник: brd/Типы резки.txt; Строка источника: 76; Ширины заказа из источника: 33; Допустимый интервал: 870-891; Строк в План производства.xlsx: 3; Среднее время одной резки: 5.6 мин; Средняя переналадка: 50 мин
MWR118 - 33мм х 27,MWR118,910,,27,19,Источник: brd/Типы резки.txt; Строка источника: 77; Ширины заказа из источника: 33; Допустимый интервал: 870-891
MWR118 - 35мм х 25,MWR118,910,,25,35,Источник: brd/Типы резки.txt; Строка источника: 109; Ширины заказа из источника: 35; Допустимый интервал: 870-891
MWR118 - 40мм х 22,MWR118,910,,22,30,Источник: brd/Типы резки.txt; Строка источника: 143; Ширины заказа из источника: 40; Допустимый интервал: 870-891
MWR118 - 55мм х 16,MWR118,910,,16,30,Источник: brd/Типы резки.txt; Строка источника: 220; Ширины заказа из источника: 55; Допустимый интервал: 870-891; Строк в План производства.xlsx: 2; Среднее время одной резки: 6.3 мин; Средняя переналадка: 50 мин
"MWR118 - 99мм х 8 + 32,5 мм х 2",MWR118,910,,10,53,"Источник: brd/Типы резки.txt; Строк источника: 2; Ширины заказа из источника: 33, 100; Допустимый интервал: 870-891"
MWR118+ - 30мм х 29,MWR118+,910,,29,40,Источник: brd/Типы резки.txt; Строка источника: 52; Ширины заказа из источника: 30; Допустимый интервал: 870-891
MWR118+ - 40мм х 22,MWR118+,910,,22,30,Источник: brd/Типы резки.txt; Строка источника: 144; Ширины заказа из источника: 40; Допустимый интервал: 870-891
MWR200 - 102мм х 8 + 57 мм х 1,MWR200,910,,9,37,"Источник: brd/Типы резки.txt; Строк источника: 2; Ширины заказа из источника: 57, 102; Допустимый интервал: 870-891"
"MWR200 - 103,5мм х 8 + 59 мм х 1",MWR200,910,,9,23,"Источник: brd/Типы резки.txt; Строк источника: 2; Ширины заказа из источника: 60, 104; Допустимый интервал: 870-891"
"MWR200 - 103,5мм х 8 + 60 мм х 1",MWR200,910,,9,22,"Источник: brd/Типы резки.txt; Строк источника: 2; Ширины заказа из источника: 60, 104; Допустимый интервал: 870-891"
MWR200 - 105мм х 8 + 40 мм х 1,MWR200,910,,9,30,"Источник: brd/Типы резки.txt; Строк источника: 2; Ширины заказа из источника: 40, 105; Допустимый интервал: 870-891"
MWR200 - 110мм х 8,MWR200,910,,8,30,Источник: brd/Типы резки.txt; Строка источника: 582; Ширины заказа из источника: 110; Допустимый интервал: 870-891; Строк в План производства.xlsx: 5; Среднее время одной резки: 5.04 мин; Средняя переналадка: 35 мин
MWR200 - 11мм х 8,MWR200,910,,8,822,Источник: brd/Типы резки.txt; Строка источника: 583; Ширины заказа из источника: 110; Допустимый интервал: 870-891
MWR200 - 140мм х 4 + 110 мм х 3,MWR200,910,,7,20,"Источник: brd/Типы резки.txt; Строк источника: 2; Ширины заказа из источника: 110, 140; Допустимый интервал: 870-891"
MWR200 - 150мм х 5 + 59 мм х 2,MWR200,910,,7,42,"Источник: brd/Типы резки.txt; Строк источника: 2; Ширины заказа из источника: 60, 150; Допустимый интервал: 870-891"
MWR200 - 150мм х 5 + 60 мм х 2,MWR200,910,,7,40,"Источник: brd/Типы резки.txt; Строк источника: 2; Ширины заказа из источника: 60, 150; Допустимый интервал: 870-891"
MWR200 - 154мм х 5 + 110 мм х 1,MWR200,910,,6,30,"Источник: brd/Типы резки.txt; Строк источника: 2; Ширины заказа из источника: 110, 154; Допустимый интервал: 870-891"
MWR200 - 156мм х 5 + 99 мм х 1,MWR200,910,,6,31,"Источник: brd/Типы резки.txt; Строк источника: 2; Ширины заказа из источника: 100, 156; Допустимый интервал: 870-891"
MWR200 - 20мм х 44,MWR200,910,,44,30,Источник: brd/Типы резки.txt; Строка источника: 10; Ширины заказа из источника: 20; Допустимый интервал: 870-891
MWR200 - 220мм х 4,MWR200,910,,4,30,Источник: brd/Типы резки.txt; Строка источника: 677; Ширины заказа из источника: 220; Допустимый интервал: 870-891
MWR200 - 25мм х 35,MWR200,910,,35,35,Источник: brd/Типы резки.txt; Строка источника: 25; Ширины заказа из источника: 25; Допустимый интервал: 870-891; Строк в План производства.xlsx: 2; Среднее время одной резки: 4.2 мин; Средняя переналадка: 15 мин
MWR200 - 30мм х 29,MWR200,910,,29,40,"Источник: brd/Типы резки.txt; Строк источника: 2; Ширины заказа из источника: 30, 40; Допустимый интервал: 870-891; Строк в План производства.xlsx: 4; Среднее время одной резки: 4.2 мин; Средняя переналадка: 31.25 мин"
"MWR200 - 32,5мм х 27",MWR200,910,,27,32.5,Источник: brd/Типы резки.txt; Строка источника: 79; Ширины заказа из источника: 33; Допустимый интервал: 870-891
MWR200 - 33мм х 7 + 55 мм х 12,MWR200,910,,19,19,"Источник: brd/Типы резки.txt; Строк источника: 2; Ширины заказа из источника: 33, 57; Допустимый интервал: 870-891"
MWR200 - 35мм х 25,MWR200,910,,25,35,Источник: brd/Типы резки.txt; Строка источника: 110; Ширины заказа из источника: 35; Допустимый интервал: 870-891
MWR200 - 40мм х 22,MWR200,910,,22,30,Источник: brd/Типы резки.txt; Строка источника: 147; Ширины заказа из источника: 40; Допустимый интервал: 870-891; Строк в План производства.xlsx: 4; Среднее время одной резки: 5.25 мин; Средняя переналадка: 40 мин
MWR200 - 42мм х 21,MWR200,910,,21,28,Источник: brd/Типы резки.txt; Строка источника: 160; Ширины заказа из источника: 42; Допустимый интервал: 870-891
MWR200 - 44мм х 20,MWR200,910,,20,30,Источник: brd/Типы резки.txt; Строка источника: 170; Ширины заказа из источника: 45; Допустимый интервал: 870-891
"MWR200 - 49,5мм х 18",MWR200,910,,18,19,Источник: brd/Типы резки.txt; Строка источника: 191; Ширины заказа из источника: 50; Допустимый интервал: 870-891
MWR200 - 49мм х 18,MWR200,910,,18,28,Источник: brd/Типы резки.txt; Строка источника: 192; Ширины заказа из источника: 50; Допустимый интервал: 870-891
MWR200 - 55мм х 12 + 110 мм х 2,MWR200,910,,14,30,"Источник: brd/Типы резки.txt; Строк источника: 3; Ширины заказа из источника: 55, 57, 110; Допустимый интервал: 870-891"
MWR200 - 55мм х 16,MWR200,910,,16,30,"Источник: brd/Типы резки.txt; Строк источника: 3; Ширины заказа из источника: 40, 55, 57; Допустимый интервал: 870-891"
MWR200 - 55мм х 2 + 110 мм х 7,MWR200,910,,9,30,"Источник: brd/Типы резки.txt; Строк источника: 2; Ширины заказа из источника: 55, 110; Допустимый интервал: 870-891"
MWR200 - 59мм х 15,MWR200,910,,15,25,Источник: brd/Типы резки.txt; Строка источника: 316; Ширины заказа из источника: 60; Допустимый интервал: 870-891; Строк в План производства.xlsx: 7; Среднее время одной резки: 4.8 мин; Средняя переналадка: 25 мин
MWR200 - 60мм х 14 + 40 мм х 1,MWR200,910,,15,30,"Источник: brd/Типы резки.txt; Строк источника: 2; Ширины заказа из источника: 40, 60; Допустимый интервал: 870-891"
"MWR200 - 63,5мм х 14",MWR200,910,,14,21,Источник: brd/Типы резки.txt; Строка источника: 357; Ширины заказа из источника: 65; Допустимый интервал: 870-891
MWR200 - 64мм х 12 + 110 мм х 1,MWR200,910,,13,32,"Источник: brd/Типы резки.txt; Строк источника: 2; Ширины заказа из источника: 64, 110; Допустимый интервал: 870-891; Строк в План производства.xlsx: 3; Среднее время одной резки: 4.2 мин; Средняя переналадка: 40 мин"
MWR200 - 64мм х 12 + 55 мм х 2,MWR200,910,,14,32,"Источник: brd/Типы резки.txt; Строк источника: 2; Ширины заказа из источника: 57, 64; Допустимый интервал: 870-891"
MWR200 - 65мм х 12 + 50 мм х 2,MWR200,910,,14,30,"Источник: brd/Типы резки.txt; Строк источника: 2; Ширины заказа из источника: 50, 65; Допустимый интервал: 870-891"
MWR200 - 70мм х 11 + 110 мм х 1,MWR200,910,,12,30,"Источник: brd/Типы резки.txt; Строк источника: 2; Ширины заказа из источника: 70, 110; Допустимый интервал: 870-891"
MWR200 - 70мм х 9 + 60 мм х 1,MWR200,910,,10,220,"Источник: brd/Типы резки.txt; Строк источника: 2; Ширины заказа из источника: 60, 70; Допустимый интервал: 870-891"
MWR200 - 70мм х 9 + 60 мм х 4,MWR200,910,,13,40,"Источник: brd/Типы резки.txt; Строк источника: 2; Ширины заказа из источника: 60, 70; Допустимый интервал: 870-891"
MWR200 - 74мм х 12,MWR200,910,,12,22,Источник: brd/Типы резки.txt; Строка источника: 387; Ширины заказа из источника: 75; Допустимый интервал: 870-891
MWR200 - 80мм х 11,MWR200,910,,11,30,Источник: brd/Типы резки.txt; Строка источника: 412; Ширины заказа из источника: 80; Допустимый интервал: 870-891; Строк в План производства.xlsx: 7; Среднее время одной резки: 5.4 мин; Средняя переналадка: 31.67 мин
MWR200 - 83мм х 10 + 50 мм х 1,MWR200,910,,11,30,"Источник: brd/Типы резки.txt; Строк источника: 2; Ширины заказа из источника: 50, 83; Допустимый интервал: 870-891"
MWR200 - 87мм х 10,MWR200,910,,10,40,Источник: brd/Типы резки.txt; Строка источника: 426; Ширины заказа из источника: 87; Допустимый интервал: 870-891
MWR200 - 880мм х 1,MWR200,910,,1,30,Источник: brd/Типы резки.txt; Строка источника: 682; Ширины заказа из источника: 880; Допустимый интервал: 870-891
MWR200 - 88мм х 10,MWR200,910,,10,30,Источник: brd/Типы резки.txt; Строка источника: 434; Ширины заказа из источника: 88; Допустимый интервал: 870-891; Строк в План производства.xlsx: 1; Среднее время одной резки: 4.2 мин; Средняя переналадка: 30 мин
MWR200 - 89мм х 10,MWR200,910,,10,20,"Источник: brd/Типы резки.txt; Строк источника: 2; Ширины заказа из источника: 89, 90; Допустимый интервал: 870-891; Строк в План производства.xlsx: 1; Среднее время одной резки: 4.2 мин; Средняя переналадка: 30 мин"
MWR200 - 95мм х 9,MWR200,910,,9,55,Источник: brd/Типы резки.txt; Строка источника: 456; Ширины заказа из источника: 95; Допустимый интервал: 870-891
MWR200 - 95мм х 9 + 30 мм х 1,MWR200,910,,10,25,"Источник: brd/Типы резки.txt; Строк источника: 2; Ширины заказа из источника: 30, 95; Допустимый интервал: 870-891"
MWR200 - 99мм х 9,MWR200,910,,9,19,Источник: brd/Типы резки.txt; Строка источника: 478; Ширины заказа из источника: 100; Допустимый интервал: 870-891; Строк в План производства.xlsx: 2; Среднее время одной резки: 4.2 мин; Средняя переналадка: 30 мин
MWR230 - 110мм х 8,MWR230,910,,8,30,Источник: brd/Типы резки.txt; Строка источника: 590; Ширины заказа из источника: 110; Допустимый интервал: 870-891
MWR230 - 130мм х 6 + 110 мм х 1,MWR230,910,,7,20,"Источник: brd/Типы резки.txt; Строк источника: 2; Ширины заказа из источника: 110, 130; Допустимый интервал: 870-891"
MWR230 - 220мм х 4,MWR230,910,,4,30,Источник: brd/Типы резки.txt; Строка источника: 678; Ширины заказа из источника: 220; Допустимый интервал: 870-891
MWR230 - 25мм х 35,MWR230,910,,35,35,Источник: brd/Типы резки.txt; Строка источника: 26; Ширины заказа из источника: 25; Допустимый интервал: 870-891
MWR230 - 30мм х 29,MWR230,910,,29,40,Источник: brd/Типы резки.txt; Строка источника: 55; Ширины заказа из источника: 30; Допустимый интервал: 870-891
MWR230 - 40мм х 22,MWR230,910,,22,30,Источник: brd/Типы резки.txt; Строка источника: 150; Ширины заказа из источника: 40; Допустимый интервал: 870-891
MWR230 - 44мм х 20,MWR230,910,,20,30,Источник: brd/Типы резки.txt; Строка источника: 171; Ширины заказа из источника: 45; Допустимый интервал: 870-891
MWR230 - 49мм х 18,MWR230,910,,18,28,Источник: brd/Типы резки.txt; Строка источника: 195; Ширины заказа из источника: 50; Допустимый интервал: 870-891
MWR230 - 55мм х 12 + 110 мм х 2,MWR230,910,,14,30,"Источник: brd/Типы резки.txt; Строк источника: 2; Ширины заказа из источника: 57, 110; Допустимый интервал: 870-891"
MWR230 - 59мм х 15,MWR230,910,,15,25,Источник: brd/Типы резки.txt; Строка источника: 320; Ширины заказа из источника: 60; Допустимый интервал: 870-891
"MWR230 - 63,5мм х 14",MWR230,910,,14,21,Источник: brd/Типы резки.txt; Строка источника: 343; Ширины заказа из источника: 64; Допустимый интервал: 870-891
MWR230 - 87мм х 10,MWR230,910,,10,40,Источник: brd/Типы резки.txt; Строка источника: 427; Ширины заказа из источника: 87; Допустимый интервал: 870-891
"MWR233 - 103,5мм х 8 + 59 мм х 1",MWR233,910,,9,23,"Источник: brd/Типы резки.txt; Строк источника: 2; Ширины заказа из источника: 60, 105; Допустимый интервал: 870-891"
MWR233 - 104мм х 8 + 59 мм х 1,MWR233,910,,9,19,"Источник: brd/Типы резки.txt; Строк источника: 2; Ширины заказа из источника: 60, 105; Допустимый интервал: 870-891"
MWR233 - 105мм х 8 + 40 мм х 1,MWR233,910,,9,30,"Источник: brd/Типы резки.txt; Строк источника: 2; Ширины заказа из источника: 40, 105; Допустимый интервал: 870-891"
MWR233 - 110мм х 8,MWR233,910,,8,30,Источник: brd/Типы резки.txt; Строка источника: 593; Ширины заказа из источника: 110; Допустимый интервал: 870-891
MWR233 - 125мм х 7,MWR233,910,,7,35,Источник: brd/Типы резки.txt; Строка источника: 606; Ширины заказа из источника: 125; Допустимый интервал: 870-891
MWR233 - 220мм х 4,MWR233,910,,4,30,Источник: brd/Типы резки.txt; Строка источника: 679; Ширины заказа из источника: 220; Допустимый интервал: 870-891
MWR233 - 30мм х 29,MWR233,910,,29,40,Источник: brd/Типы резки.txt; Строка источника: 56; Ширины заказа из источника: 30; Допустимый интервал: 870-891; Строк в План производства.xlsx: 1; Среднее время одной резки: 4.2 мин; Средняя переналадка: 30 мин
MWR233 - 40мм х 22,MWR233,910,,22,30,Источник: brd/Типы резки.txt; Строка источника: 152; Ширины заказа из источника: 40; Допустимый интервал: 870-891; Строк в План производства.xlsx: 2; Среднее время одной резки: 4.2 мин; Средняя переналадка: 22.5 мин
MWR233 - 42мм х 21,MWR233,910,,21,28,Источник: brd/Типы резки.txt; Строка источника: 161; Ширины заказа из источника: 42; Допустимый интервал: 870-891
MWR233 - 49мм х 18,MWR233,910,,18,28,Источник: brd/Типы резки.txt; Строка источника: 196; Ширины заказа из источника: 50; Допустимый интервал: 870-891
MWR233 - 59мм х 15,MWR233,910,,15,25,Источник: brd/Типы резки.txt; Строка источника: 323; Ширины заказа из источника: 60; Допустимый интервал: 870-891
MWR233 - 73мм х 12,MWR233,910,,12,34,Источник: brd/Типы резки.txt; Строка источника: 379; Ширины заказа из источника: 73; Допустимый интервал: 870-891
MWR233 - 87мм х 10,MWR233,910,,10,40,Источник: brd/Типы резки.txt; Строка источника: 428; Ширины заказа из источника: 87; Допустимый интервал: 870-891
MWR233 - 88мм х 10,MWR233,910,,10,30,Источник: brd/Типы резки.txt; Строка источника: 435; Ширины заказа из источника: 88; Допустимый интервал: 870-891
MWR233 - 89мм х 10,MWR233,910,,10,20,Источник: brd/Типы резки.txt; Строка источника: 453; Ширины заказа из источника: 90; Допустимый интервал: 870-891
MWR233 - 95мм х 9 + 30 мм х 1,MWR233,910,,10,25,"Источник: brd/Типы резки.txt; Строк источника: 2; Ширины заказа из источника: 30, 95; Допустимый интервал: 870-891"
MWR233 - 99мм х 9,MWR233,910,,9,19,Источник: brd/Типы резки.txt; Строка источника: 479; Ширины заказа из источника: 100; Допустимый интервал: 870-891
MWR265 - 110мм х 8,MWR265,910,,8,30,Источник: brd/Типы резки.txt; Строка источника: 594; Ширины заказа из источника: 110; Допустимый интервал: 870-891
MWR265 - 130мм х 6 + 110 мм х 1,MWR265,910,,7,20,"Источник: brd/Типы резки.txt; Строк источника: 2; Ширины заказа из источника: 110, 130; Допустимый интервал: 870-891"
MWR265 - 156мм х 5 + 110 мм х 1,MWR265,910,,6,20,Источник: brd/Типы резки.txt; Строка источника: 653; Ширины заказа из источника: 156; Допустимый интервал: 870-891
MWR265 - 40мм х 22,MWR265,910,,22,30,Источник: brd/Типы резки.txt; Строка источника: 153; Ширины заказа из источника: 40; Допустимый интервал: 870-891
MWR265 - 49мм х 18,MWR265,910,,18,28,Источник: brd/Типы резки.txt; Строка источника: 197; Ширины заказа из источника: 50; Допустимый интервал: 870-891
MWR265 - 59мм х 15,MWR265,910,,15,25,Источник: brd/Типы резки.txt; Строка источника: 324; Ширины заказа из источника: 60; Допустимый интервал: 870-891
"MWR265 - 63,5мм х 14",MWR265,910,,14,21,Источник: brd/Типы резки.txt; Строка источника: 344; Ширины заказа из источника: 64; Допустимый интервал: 870-891
MWR265 - 99мм х 9,MWR265,910,,9,19,Источник: brd/Типы резки.txt; Строка источника: 480; Ширины заказа из источника: 100; Допустимый интервал: 870-891
MWR400L - 110мм х 8,MWR400L,910,,8,30,Источник: brd/Типы резки.txt; Строка источника: 596; Ширины заказа из источника: 110; Допустимый интервал: 870-891; Строк в План производства.xlsx: 1; Среднее время одной резки: 4.2 мин; Средняя переналадка: 15 мин
MWR400L - 130мм х 6 + 100 мм х 1,MWR400L,910,,7,30,"Источник: brd/Типы резки.txt; Строк источника: 2; Ширины заказа из источника: 100, 130; Допустимый интервал: 870-891"
"MWR400L - 32,5мм х 27",MWR400L,910,,27,32.5,Источник: brd/Типы резки.txt; Строка источника: 81; Ширины заказа из источника: 33; Допустимый интервал: 870-891; Строк в План производства.xlsx: 6; Среднее время одной резки: 6.3 мин; Средняя переналадка: 35 мин
MWR400L - 40мм х 22,MWR400L,910,,22,30,Источник: brd/Типы резки.txt; Строка источника: 154; Ширины заказа из источника: 40; Допустимый интервал: 870-891
MWR400L - 52мм х 17,MWR400L,910,,17,26,Источник: brd/Типы резки.txt; Строка источника: 203; Ширины заказа из источника: 52; Допустимый интервал: 870-891
MWR400L - 55мм х 16,MWR400L,910,,16,30,Источник: brd/Типы резки.txt; Строка источника: 224; Ширины заказа из источника: 55; Допустимый интервал: 870-891; Строк в План производства.xlsx: 2; Среднее время одной резки: 8.4 мин; Средняя переналадка: 40 мин
MWR400L - 88мм х 10,MWR400L,910,,10,30,Источник: brd/Типы резки.txt; Строка источника: 436; Ширины заказа из источника: 88; Допустимый интервал: 870-891
MWR400L - 99мм х 9,MWR400L,910,,9,19,Источник: brd/Типы резки.txt; Строка источника: 482; Ширины заказа из источника: 100; Допустимый интервал: 870-891; Строк в План производства.xlsx: 1; Среднее время одной резки: 4.2 мин
MWR403L - 110мм х 8,MWR403L,910,,8,30,Источник: brd/Типы резки.txt; Строка источника: 597; Ширины заказа из источника: 110; Допустимый интервал: 870-891; Строк в План производства.xlsx: 1; Среднее время одной резки: 8.4 мин; Средняя переналадка: 50 мин
"MWR403L - 32,5мм х 27",MWR403L,910,,27,32.5,Источник: brd/Типы резки.txt; Строка источника: 82; Ширины заказа из источника: 33; Допустимый интервал: 870-891
"MWR403L - 33,5мм х 27",MWR403L,910,,27,5.5,Источник: brd/Типы резки.txt; Строка источника: 91; Ширины заказа из источника: 34; Допустимый интервал: 870-891
MWR403L - 34мм х 26,MWR403L,910,,26,26,Источник: brd/Типы резки.txt; Строка источника: 92; Ширины заказа из источника: 34; Допустимый интервал: 870-891
MWR403L - 40мм х 22,MWR403L,910,,22,30,Источник: brd/Типы резки.txt; Строка источника: 155; Ширины заказа из источника: 40; Допустимый интервал: 870-891
MWR403L - 55мм х 16,MWR403L,910,,16,30,Источник: brd/Типы резки.txt; Строка источника: 225; Ширины заказа из источника: 55; Допустимый интервал: 870-891
MWR410L - 30мм х 33,MWR410L,1000,,33,10,Источник: brd/Типы резки.txt; Строка источника: 58; Ширины заказа из источника: 30; Допустимый интервал: 960-980
"MWR410L - 32,5мм х 30",MWR410L,1000,,30,25,Источник: brd/Типы резки.txt; Строка источника: 83; Ширины заказа из источника: 33; Допустимый интервал: 960-980
"MWR410L - 33,5мм х 29",MWR410L,1000,,29,28.5,Источник: brd/Типы резки.txt; Строка источника: 93; Ширины заказа из источника: 34; Допустимый интервал: 960-980
MWR410L - 33мм х 30,MWR410L,1000,,30,10,Источник: brd/Типы резки.txt; Строка источника: 84; Ширины заказа из источника: 33; Допустимый интервал: 960-980
MWR410L - 34мм х 29,MWR410L,1000,,29,14,Источник: brd/Типы резки.txt; Строка источника: 94; Ширины заказа из источника: 34; Допустимый интервал: 960-980
MWR410L - 35мм х 28,MWR410L,1000,,28,20,Источник: brd/Типы резки.txt; Строка источника: 111; Ширины заказа из источника: 35; Допустимый интервал: 960-980
MWR410L - 41мм х 24,MWR410L,1000,,24,16,Источник: brd/Типы резки.txt; Строка источника: 162; Ширины заказа из источника: 42; Допустимый интервал: 960-980
MWR410L - 54мм х 18,MWR410L,1000,,18,28,Источник: brd/Типы резки.txt; Строка источника: 226; Ширины заказа из источника: 55; Допустимый интервал: 960-980
MWR500L - 109мм х 9,MWR500L,1000,,9,19,Источник: brd/Типы резки.txt; Строка источника: 598; Ширины заказа из источника: 110; Допустимый интервал: 960-980
MWR500L - 110мм х 2 + 70 мм х 11,MWR500L,1000,,13,10,"Источник: brd/Типы резки.txt; Строк источника: 2; Ширины заказа из источника: 70, 110; Допустимый интервал: 960-980"
MWR500L - 110мм х 8,MWR500L,1000,,8,120,Источник: brd/Типы резки.txt; Строка источника: 600; Ширины заказа из источника: 110; Допустимый интервал: 960-980
MWR500L - 110мм х 9,MWR500L,1000,,9,10,Источник: brd/Типы резки.txt; Строка источника: 601; Ширины заказа из источника: 110; Допустимый интервал: 960-980
"MWR500L - 130мм х 7 + 32,5 мм х 2",MWR500L,1000,,9,25,"Источник: brd/Типы резки.txt; Строк источника: 2; Ширины заказа из источника: 33, 130; Допустимый интервал: 960-980"
MWR500L - 130мм х 7 + 33 мм х 2,MWR500L,1000,,9,24,"Источник: brd/Типы резки.txt; Строк источника: 2; Ширины заказа из источника: 33, 130; Допустимый интервал: 960-980"
"MWR500L - 130мм х 7 + 33,5 мм х 2",MWR500L,1000,,9,23,"Источник: brd/Типы резки.txt; Строк источника: 2; Ширины заказа из источника: 34, 130; Допустимый интервал: 960-980"
MWR500L - 130мм х 7 + 70 мм х 1,MWR500L,1000,,8,20,"Источник: brd/Типы резки.txt; Строк источника: 2; Ширины заказа из источника: 70, 130; Допустимый интервал: 960-980"
MWR500L - 25мм х 37 + 55 мм х 1,MWR500L,1000,,38,20,"Источник: brd/Типы резки.txt; Строк источника: 2; Ширины заказа из источника: 25, 55; Допустимый интервал: 960-980"
MWR500L - 25мм х 39,MWR500L,1000,,39,25,Источник: brd/Типы резки.txt; Строка источника: 28; Ширины заказа из источника: 25; Допустимый интервал: 960-980; Строк в План производства.xlsx: 1; Среднее время одной резки: 8.4 мин
MWR500L - 30мм х 33,MWR500L,1000,,33,10,Источник: brd/Типы резки.txt; Строка источника: 59; Ширины заказа из источника: 30; Допустимый интервал: 960-980
"MWR500L - 33,5мм х 29",MWR500L,1000,,29,28.5,Источник: brd/Типы резки.txt; Строка источника: 96; Ширины заказа из источника: 34; Допустимый интервал: 960-980
MWR500L - 330мм х 30,MWR500L,1000,,30,-8900,Источник: brd/Типы резки.txt; Строка источника: 87; Ширины заказа из источника: 33; Допустимый интервал: 960-980
MWR500L - 33мм х 30,MWR500L,1000,,30,10,Источник: brd/Типы резки.txt; Строка источника: 88; Ширины заказа из источника: 33; Допустимый интервал: 960-980
MWR500L - 40мм х 24,MWR500L,1000,,24,40,Источник: brd/Типы резки.txt; Строка источника: 156; Ширины заказа из источника: 40; Допустимый интервал: 960-980
MWR500L - 40мм х 25,MWR500L,1000,,25,0,Источник: brd/Типы резки.txt; Строка источника: 157; Ширины заказа из источника: 40; Допустимый интервал: 960-980
MWR500L - 54мм х 18,MWR500L,1000,,18,28,Источник: brd/Типы резки.txt; Строка источника: 228; Ширины заказа из источника: 55; Допустимый интервал: 960-980
MWR500L - 55мм х 18,MWR500L,1000,,18,10,Источник: brd/Типы резки.txt; Строка источника: 229; Ширины заказа из источника: 55; Допустимый интервал: 960-980
MWR500L - 59мм х 16,MWR500L,1000,,16,56,Источник: brd/Типы резки.txt; Строка источника: 262; Ширины заказа из источника: 59; Допустимый интервал: 960-980
MWR500L - 65мм х 15,MWR500L,1000,,15,25,Источник: brd/Типы резки.txt; Строка источника: 359; Ширины заказа из источника: 65; Допустимый интервал: 960-980
MWR500L - 70мм х 14,MWR500L,1000,,14,20,Источник: brd/Типы резки.txt; Строка источника: 375; Ширины заказа из источника: 70; Допустимый интервал: 960-980
MWR500L - 70мм х 6 + 110 мм х 5,MWR500L,1000,,11,30,"Источник: brd/Типы резки.txt; Строк источника: 2; Ширины заказа из источника: 70, 110; Допустимый интервал: 960-980"
MWR500L - 88мм х 11,MWR500L,1000,,11,32,Источник: brd/Типы резки.txt; Строка источника: 437; Ширины заказа из источника: 88; Допустимый интервал: 960-980
Фольга горячего тиснения MB - 25мм х 35,Фольга горячего тиснения MB,910,,35,35,Источник: brd/Типы резки.txt; Строка источника: 29; Ширины заказа из источника: 25; Допустимый интервал: 870-891
Фольга горячего тиснения MB - 25мм х 8 + 40 мм х 7 + 50 мм х 8,Фольга горячего тиснения MB,910,,23,30,"Источник: brd/Типы резки.txt; Строк источника: 3; Ширины заказа из источника: 25, 40, 50; Допустимый интервал: 870-891"
Фольга горячего тиснения MB - 30мм х 29,Фольга горячего тиснения MB,910,,29,40,Источник: brd/Типы резки.txt; Строка источника: 60; Ширины заказа из источника: 30; Допустимый интервал: 870-891; Строк в План производства.xlsx: 3; Среднее время одной резки: 8.4 мин; Средняя переналадка: 50 мин
"Фольга горячего тиснения MB - 32,5мм х 27",Фольга горячего тиснения MB,910,,27,32.5,Источник: brd/Типы резки.txt; Строка источника: 112; Ширины заказа из источника: 35; Допустимый интервал: 870-891
Фольга горячего тиснения MB - 35мм х 25,Фольга горячего тиснения MB,910,,25,35,Источник: brd/Типы резки.txt; Строка источника: 113; Ширины заказа из источника: 35; Допустимый интервал: 870-891; Строк в План производства.xlsx: 2; Среднее время одной резки: 8.4 мин; Средняя переналадка: 47.5 мин
Фольга горячего тиснения MB - 40мм х 22,Фольга горячего тиснения MB,910,,22,30,Источник: brd/Типы резки.txt; Строка источника: 159; Ширины заказа из источника: 40; Допустимый интервал: 870-891
Фольга горячего тиснения MB - 44мм х 20,Фольга горячего тиснения MB,910,,20,30,Источник: brd/Типы резки.txt; Строка источника: 172; Ширины заказа из источника: 45; Допустимый интервал: 870-891
Фольга горячего тиснения MB - 49мм х 18,Фольга горячего тиснения MB,910,,18,28,Источник: brd/Типы резки.txt; Строка источника: 199; Ширины заказа из источника: 50; Допустимый интервал: 870-891; Строк в План производства.xlsx: 1; Среднее время одной резки: 8.4 мин; Средняя переналадка: 30 мин
