Тип резки,Полоса,"Ширина, мм",Количество,Назначение
MR120 - 30мм х 29,1,30,29,Заказ
MR131 - 35мм х 25,1,35,25,Заказ
MR132 - 110мм х 8,1,110,8,Заказ
MR132 - 25мм х 35,1,25,35,Заказ
MR132 - 30мм х 29,1,30,29,Заказ
MR132 - 35мм х 25,1,35,25,Заказ
MR132 - 59мм х 15,1,59,15,Заказ
MR132 - 89мм х 10,1,89,10,Заказ
MR132 - 99мм х 9,1,99,9,Заказ
MR180 - 110мм х 8,1,110,8,Заказ
MR180 - 40мм х 22,1,40,22,Заказ
MR180 - 49мм х 18,1,49,18,Заказ
MR180 - 55мм х 12 + 110 мм х 2,1,55,12,Заказ
MR180 - 55мм х 12 + 110 мм х 2,2,110,2,Заказ
MR180 - 55мм х 16,1,55,16,Заказ
MR180 - 59мм х 15,1,59,15,Заказ
"MR180 - 63,5мм х 14",1,63.5,14,Заказ
MR180 - 89мм х 10,1,89,10,Заказ
MR190 - 110мм х 2 + 165 мм х 4,1,110,2,Заказ
MR190 - 110мм х 2 + 165 мм х 4,2,165,4,Заказ
MR190 - 110мм х 8,1,110,8,Заказ
MR190 - 156мм х 5 + 110 мм х 1,1,156,5,Заказ
MR190 - 156мм х 5 + 110 мм х 1,2,110,1,Заказ
MR190 - 165мм х 4 + 110 мм х 2,1,165,4,Заказ
MR190 - 165мм х 4 + 110 мм х 2,2,110,2,Заказ
MR190 - 165мм х 5 + 59 мм х 1,1,165,5,Заказ
MR190 - 165мм х 5 + 59 мм х 1,2,59,1,Заказ
MR190 - 20мм х 44,1,20,44,Заказ
MR190 - 30мм х 29,1,30,29,Заказ
"MR190 - 32,5мм х 27",1,32.5,27,Заказ
MR190 - 35мм х 25,1,35,25,Заказ
MR190 - 40мм х 22,1,40,22,Заказ
MR190 - 49мм х 18,1,49,18,Заказ
MR190 - 55мм х 12 + 110 мм х 2,1,55,12,Заказ
MR190 - 55мм х 12 + 110 мм х 2,2,110,2,Заказ
MR190 - 55мм х 12 + 55 мм х 4,1,55,12,Заказ
MR190 - 55мм х 12 + 55 мм х 4,2,55,4,Заказ
MR190 - 55мм х 16,1,55,16,Заказ
MR190 - 59мм х 15,1,59,15,Заказ
MR190 - 60мм х 15,1,60,15,Заказ
MR190 - 64мм х 12 + 110 мм х 1,1,64,12,Заказ
MR190 - 64мм х 12 + 110 мм х 1,2,110,1,Заказ
MR190 - 80мм х 11,1,80,11,Заказ
MR190 - 89мм х 10,1,89,10,Заказ
MR190 - 99мм х 8 + 80 мм х 1,1,99,8,Заказ
MR190 - 99мм х 8 + 80 мм х 1,2,80,1,Заказ
MR190 - 99мм х 9,1,99,9,Заказ
MR192 - 110мм х 8,1,110,8,Заказ
MR192 - 156мм х 5 + 110 мм х 1,1,156,5,Заказ
MR192 - 156мм х 5 + 110 мм х 1,2,110,1,Заказ
MR192 - 220мм х 4,1,220,4,Заказ
MR192 - 25мм х 35,1,25,35,Заказ
MR192 - 30мм х 29,1,30,29,Заказ
MR192 - 35мм х 25,1,35,25,Заказ
MR192 - 40мм х 22,1,40,22,Заказ
MR192 - 44мм х 20,1,44,20,Заказ
MR192 - 49мм х 18,1,49,18,Заказ
MR192 - 52мм х 17,1,52,17,Заказ
MR192 - 55мм х 12 + 110 мм х 2,1,55,12,Заказ
MR192 - 55мм х 12 + 110 мм х 2,2,110,2,Заказ
MR192 - 55мм х 16,1,55,16,Заказ
MR192 - 59мм х 15,1,59,15,Заказ
MR192 - 60мм х 14 + 40 мм х 1,1,60,14,Заказ
MR192 - 60мм х 14 + 40 мм х 1,2,40,1,Заказ
"MR192 - 63,5мм х 14",1,63.5,14,Заказ
MR192 - 64мм х 12 + 110 мм х 1,1,64,12,Заказ
MR192 - 64мм х 12 + 110 мм х 1,2,110,1,Заказ
MR192 - 70мм х 11 + 110 мм х,1,70,11,Заказ
MR192 - 70мм х 11 + 110 мм х 1,1,70,11,Заказ
MR192 - 70мм х 11 + 110 мм х 1,2,110,1,Заказ
MR192 - 80мм х 11,1,80,11,Заказ
MR192 - 85мм х 9 + 110 мм х 1,1,85,9,Заказ
MR192 - 85мм х 9 + 110 мм х 1,2,110,1,Заказ
MR192 - 89мм х 10,1,89,10,Заказ
MR194 - 110мм х 8,1,110,8,Заказ
MR194 - 148мм х 6,1,148,6,Заказ
MR194 - 156мм х 5 + 110 мм х 1,1,156,5,Заказ
MR194 - 156мм х 5 + 110 мм х 1,2,110,1,Заказ
MR194 - 156мм х 5 + 60 мм х 1 + 40 мм х 1,1,156,5,Заказ
MR194 - 156мм х 5 + 60 мм х 1 + 40 мм х 1,2,60,1,Заказ
MR194 - 156мм х 5 + 60 мм х 1 + 40 мм х 1,3,40,1,Заказ
MR194 - 20мм х 44,1,20,44,Заказ
MR194 - 25мм х 35,1,25,35,Заказ
MR194 - 30мм х 29,1,30,29,Заказ
"MR194 - 32,5мм х 27",1,32.5,27,Заказ
MR194 - 35мм х 25,1,35,25,Заказ
MR194 - 40мм х 22,1,40,22,Заказ
MR194 - 44мм х 20,1,44,20,Заказ
MR194 - 49мм х 18,1,49,18,Заказ
MR194 - 52мм х 17,1,52,17,Заказ
MR194 - 55мм х 12 + 110 мм х 2,1,55,12,Заказ
MR194 - 55мм х 12 + 110 мм х 2,2,110,2,Заказ
MR194 - 55мм х 16,1,55,16,Заказ
MR194 - 59мм х 15,1,59,15,Заказ
MR194 - 60мм х 14 + 40 мм х 1,1,60,14,Заказ
MR194 - 60мм х 14 + 40 мм х 1,2,40,1,Заказ
"MR194 - 63,5мм х 14",1,63.5,14,Заказ
MR194 - 64мм х 12 + 110 мм х 1,1,64,12,Заказ
MR194 - 64мм х 12 + 110 мм х 1,2,110,1,Заказ
MR194 - 70мм х 10 + 60 мм х 3,1,70,10,Заказ
MR194 - 70мм х 10 + 60 мм х 3,2,60,3,Заказ
MR194 - 70мм х 11 + 110 мм х 1,1,70,11,Заказ
MR194 - 70мм х 11 + 110 мм х 1,2,110,1,Заказ
MR194 - 74мм х 12,1,74,12,Заказ
MR194 - 80мм х 11,1,80,11,Заказ
MR194 - 89мм х 10,1,89,10,Заказ
MR194 - 99мм х 9,1,99,9,Заказ
MR220 - 164мм х 5 + 60 мм х 1,1,164,5,Заказ
MR220 - 164мм х 5 + 60 мм х 1,2,60,1,Заказ
MR220 - 165мм х 5 + 60 мм х 1,1,165,5,Заказ
MR220 - 165мм х 5 + 60 мм х 1,2,60,1,Заказ
MR220 - 20мм х 44,1,20,44,Заказ
MR220 - 25мм х 35,1,25,35,Заказ
MR220 - 30мм х 29,1,30,29,Заказ
MR220 - 35мм х 25,1,35,25,Заказ
MR220 - 40мм х 22,1,40,22,Заказ
MR220 - 44мм х 20,1,44,20,Заказ
MR220 - 49мм х 18,1,49,18,Заказ
MR220 - 55мм х 12 + 110 мм х 2,1,55,12,Заказ
MR220 - 55мм х 12 + 110 мм х 2,2,110,2,Заказ
MR220 - 55мм х 16,1,55,16,Заказ
MR220 - 59мм х 15,1,59,15,Заказ
MR220 - 64мм х 12 + 110 мм х 1,1,64,12,Заказ
MR220 - 64мм х 12 + 110 мм х 1,2,110,1,Заказ
MR222 - 110мм х 8,1,110,8,Заказ
MR222 - 165мм х 5 + 60 мм х 1,1,165,5,Заказ
MR222 - 165мм х 5 + 60 мм х 1,2,60,1,Заказ
MR222 - 20мм х 44,1,20,44,Заказ
MR222 - 220мм х 4,1,220,4,Заказ
MR222 - 25мм х 35,1,25,35,Заказ
MR222 - 30мм х 29,1,30,29,Заказ
"MR222 - 32,5мм х 27",1,32.5,27,Заказ
MR222 - 35мм х 25,1,35,25,Заказ
MR222 - 40мм х 22,1,40,22,Заказ
MR222 - 44мм х 20,1,44,20,Заказ
MR222 - 49мм х 18,1,49,18,Заказ
MR222 - 55мм х 12 + 110 мм х 2,1,55,12,Заказ
MR222 - 55мм х 12 + 110 мм х 2,2,110,2,Заказ
MR222 - 59мм х 15,1,59,15,Заказ
MR222 - 64мм х 12 + 110 мм х 1,1,64,12,Заказ
MR222 - 64мм х 12 + 110 мм х 1,2,110,1,Заказ
MR222 - 80мм х 11,1,80,11,Заказ
MR224 - 110мм х 8,1,110,8,Заказ
MR224 - 165мм х 5 + 60 мм х 1,1,165,5,Заказ
MR224 - 165мм х 5 + 60 мм х 1,2,60,1,Заказ
MR224 - 25мм х 35,1,25,35,Заказ
MR224 - 40мм х 22,1,40,22,Заказ
MR224 - 55мм х 12 + 110 мм х 2,1,55,12,Заказ
MR224 - 55мм х 12 + 110 мм х 2,2,110,2,Заказ
MR224 - 55мм х 16,1,55,16,Заказ
MR224 - 59мм х 15,1,59,15,Заказ
"MR300L - 32,5мм х 27",1,32.5,27,Заказ
MR312 - 110мм х 6 + 30 мм х 7,1,110,6,Заказ
MR312 - 110мм х 6 + 30 мм х 7,2,30,7,Заказ
MR312 - 110мм х 8,1,110,8,Заказ
MR312 - 152мм х 5 + 110 мм х 1,1,152,5,Заказ
MR312 - 152мм х 5 + 110 мм х 1,2,110,1,Заказ
MR312 - 156мм х 5 + 110 мм х 1,1,156,5,Заказ
MR312 - 156мм х 5 + 110 мм х 1,2,110,1,Заказ
MR312 - 168мм х 5 + 40 мм х 1,1,168,5,Заказ
MR312 - 168мм х 5 + 40 мм х 1,2,40,1,Заказ
MR312 - 20мм х 44,1,20,44,Заказ
MR312 - 25мм х 35,1,25,35,Заказ
MR312 - 30мм х 29,1,30,29,Заказ
MR312 - 30мм х 7 + 110 мм х 6,1,30,7,Заказ
MR312 - 30мм х 7 + 110 мм х 6,2,110,6,Заказ
MR312 - 30мм х 7 + 60 мм х 11,1,30,7,Заказ
MR312 - 30мм х 7 + 60 мм х 11,2,60,11,Заказ
MR312 - 30мм х 9 + 60 мм х 10,1,30,9,Заказ
MR312 - 30мм х 9 + 60 мм х 10,2,60,10,Заказ
MR312 - 35мм х 25,1,35,25,Заказ
MR312 - 40мм х 22,1,40,22,Заказ
MR312 - 44мм х 20,1,44,20,Заказ
MR312 - 49мм х 18,1,49,18,Заказ
MR312 - 55мм х 12 + 110 мм х 1,1,55,12,Заказ
MR312 - 55мм х 12 + 110 мм х 1,2,110,1,Заказ
MR312 - 55мм х 12 + 110 мм х 2,1,55,12,Заказ
MR312 - 55мм х 12 + 110 мм х 2,2,110,2,Заказ
MR312 - 55мм х 16,1,55,16,Заказ
MR312 - 59мм х 15,1,59,15,Заказ
"MR312 - 63,5мм х 14",1,63.5,14,Заказ
MR312 - 64мм х 12 + 110 мм х 1,1,64,12,Заказ
MR312 - 64мм х 12 + 110 мм х 1,2,110,1,Заказ
MR312 - 80мм х 11,1,80,11,Заказ
MR312 - 84мм х 9 + 60 мм х 2,1,84,9,Заказ
MR312 - 84мм х 9 + 60 мм х 2,2,60,2,Заказ
MR312 - 88мм х 10,1,88,10,Заказ
MR314L - 25мм х 26,1,25,26,Заказ
MR314L - 30мм х 22,1,30,22,Заказ
"MR314L - 32,5мм х 20",1,32.5,20,Заказ
MR314L - 34мм х 19,1,34,19,Заказ
"MR314L - 54,5мм х 12",1,54.5,12,Заказ
MR314L - 80мм х 8,1,80,8,Заказ
MR377 - 110мм х 8,1,110,8,Заказ
MR377 - 130мм х 6 + 110 мм х 1,1,130,6,Заказ
MR377 - 130мм х 6 + 110 мм х 1,2,110,1,Заказ
MR377 - 156мм х 5 + 110 мм х 1,1,156,5,Заказ
MR377 - 156мм х 5 + 110 мм х 1,2,110,1,Заказ
MR377 - 220мм х 4,1,220,4,Заказ
"MR377 - 32,5мм х 27",1,32.5,27,Заказ
MR377 - 40мм х 22,1,40,22,Заказ
MR377 - 59мм х 15,1,59,15,Заказ
"MR377 - 63,5мм х 14",1,63.5,14,Заказ
MW205 - 110мм х 8,1,110,8,Заказ
MW205 - 49мм х 18,1,49,18,Заказ
MW205 - 59мм х 15,1,59,15,Заказ
MW205 - 74мм х 12,1,74,12,Заказ
MW208 - 110мм х 8,1,110,8,Заказ
MW208 - 156мм х 5 + 100 мм х 1,1,156,5,Заказ
MW208 - 156мм х 5 + 100 мм х 1,2,100,1,Заказ
MW208 - 160мм х 4 + 110 мм х 2,1,160,4,Заказ
MW208 - 160мм х 4 + 110 мм х 2,2,110,2,Заказ
MW208 - 160мм х 5 + 80 мм х 1,1,160,5,Заказ
MW208 - 160мм х 5 + 80 мм х 1,2,80,1,Заказ
MW208 - 165мм х 4 + 110 мм х 2,1,165,4,Заказ
MW208 - 165мм х 4 + 110 мм х 2,2,110,2,Заказ
MW208 - 180мм х 4 + 156 мм х 1,1,180,4,Заказ
MW208 - 180мм х 4 + 156 мм х 1,2,156,1,Заказ
MW208 - 40мм х 22,1,40,22,Заказ
MW208 - 55мм х 16,1,55,16,Заказ
MW208 - 59мм х 15,1,59,15,Заказ
"MW208 - 63,5мм х 14",1,63.5,14,Заказ
MW208 - 70мм х 11 + 110 мм х 1,1,70,11,Заказ
MW208 - 70мм х 11 + 110 мм х 1,2,110,1,Заказ
MW208 - 80мм х 11,1,80,11,Заказ
MW208 - 99мм х 9,1,99,9,Заказ
MW308 - 100мм х 8 + 40 мм х 2,1,100,8,Заказ
MW308 - 100мм х 8 + 40 мм х 2,2,40,2,Заказ
MW308 - 100мм х 8 + 80 мм х 1,1,100,8,Заказ
MW308 - 100мм х 8 + 80 мм х 1,2,80,1,Заказ
MW308 - 102мм х 8 + 59 мм х 1,1,102,8,Заказ
MW308 - 102мм х 8 + 59 мм х 1,2,59,1,Заказ
MW308 - 102мм х 8 + 60 мм х 1,1,102,8,Заказ
MW308 - 102мм х 8 + 60 мм х 1,2,60,1,Заказ
"MW308 - 103,5мм х 8 + 59 мм х 1",1,103.5,8,Заказ
"MW308 - 103,5мм х 8 + 59 мм х 1",2,59,1,Заказ
"MW308 - 103,5мм х 8 + 59,5 мм х 1",1,103.5,8,Заказ
"MW308 - 103,5мм х 8 + 59,5 мм х 1",2,59.5,1,Заказ
MW308 - 104мм х 7 + 80 мм х 2,1,104,7,Заказ
MW308 - 104мм х 7 + 80 мм х 2,2,80,2,Заказ
MW308 - 104мм х 8 + 40 мм х 1,1,104,8,Заказ
MW308 - 104мм х 8 + 40 мм х 1,2,40,1,Заказ
MW308 - 104мм х 8 + 50 мм х 1,1,104,8,Заказ
MW308 - 104мм х 8 + 50 мм х 1,2,50,1,Заказ
MW308 - 105мм х 8 + 40 мм х 1,1,105,8,Заказ
MW308 - 105мм х 8 + 40 мм х 1,2,40,1,Заказ
MW308 - 110мм х 15,1,110,15,Заказ
MW308 - 110мм х 8,1,110,8,Заказ
MW308 - 130мм х 6 + 110 мм х 1,1,130,6,Заказ
MW308 - 130мм х 6 + 110 мм х 1,2,110,1,Заказ
MW308 - 135мм х 6 + 65 мм х 1,1,135,6,Заказ
MW308 - 135мм х 6 + 65 мм х 1,2,65,1,Заказ
MW308 - 135мм х 6 + 80 мм х 1,1,135,6,Заказ
MW308 - 135мм х 6 + 80 мм х 1,2,80,1,Заказ
MW308 - 150мм х 5 + 110 мм х 1,1,150,5,Заказ
MW308 - 150мм х 5 + 110 мм х 1,2,110,1,Заказ
MW308 - 150мм х 5 + 59 мм х 2,1,150,5,Заказ
MW308 - 150мм х 5 + 59 мм х 2,2,59,2,Заказ
MW308 - 150мм х 5 + 60 мм х 2,1,150,5,Заказ
MW308 - 150мм х 5 + 60 мм х 2,2,60,2,Заказ
MW308 - 152мм х 5 + 110 мм х 1,1,152,5,Заказ
MW308 - 152мм х 5 + 110 мм х 1,2,110,1,Заказ
MW308 - 152мм х 5 + 59 мм х 2,1,152,5,Заказ
MW308 - 152мм х 5 + 59 мм х 2,2,59,2,Заказ
MW308 - 154мм х 4 + 89 мм х 3,1,154,4,Заказ
MW308 - 154мм х 4 + 89 мм х 3,2,89,3,Заказ
MW308 - 154мм х 5 + 110 мм х 1,1,154,5,Заказ
MW308 - 154мм х 5 + 110 мм х 1,2,110,1,Заказ
MW308 - 155мм х 5 + 110 мм х 1,1,155,5,Заказ
MW308 - 155мм х 5 + 110 мм х 1,2,110,1,Заказ
MW308 - 156мм х 5 + 110 мм х 1,1,156,5,Заказ
MW308 - 156мм х 5 + 110 мм х 1,2,110,1,Заказ
MW308 - 156мм х 5 + 50 мм х 2,1,156,5,Заказ
MW308 - 156мм х 5 + 50 мм х 2,2,50,2,Заказ
MW308 - 165мм х 5 + 60 мм х 1,1,165,5,Заказ
MW308 - 165мм х 5 + 60 мм х 1,2,60,1,Заказ
MW308 - 16мм х 8,1,16,8,Заказ
MW308 - 170мм х 4 + 99 мм х 2,1,170,4,Заказ
MW308 - 170мм х 4 + 99 мм х 2,2,99,2,Заказ
MW308 - 20мм х 44,1,20,44,Заказ
MW308 - 210мм х 4 + 40 мм х 1,1,210,4,Заказ
MW308 - 210мм х 4 + 40 мм х 1,2,40,1,Заказ
MW308 - 220мм х 4,1,220,4,Заказ
MW308 - 25мм х 35,1,25,35,Заказ
MW308 - 25мм х 39,1,25,39,Заказ
MW308 - 273мм х 3 + 60 мм х 1,1,273,3,Заказ
MW308 - 273мм х 3 + 60 мм х 1,2,60,1,Заказ
MW308 - 30мм х 29,1,30,29,Заказ
"MW308 - 32,5мм х 27",1,32.5,27,Заказ
MW308 - 35мм х 25,1,35,25,Заказ
MW308 - 40мм х 22,1,40,22,Заказ
MW308 - 440мм х 20,1,440,20,Заказ
MW308 - 44мм х 20,1,44,20,Заказ
MW308 - 49мм х 18,1,49,18,Заказ
MW308 - 50мм х 17 + 30 мм х 1,1,50,17,Заказ
MW308 - 50мм х 17 + 30 мм х 1,2,30,1,Заказ
MW308 - 52мм х 17,1,52,17,Заказ
MW308 - 55мм х 12 + 110 мм х 2,1,55,12,Заказ
MW308 - 55мм х 12 + 110 мм х 2,2,110,2,Заказ
MW308 - 55мм х 16,1,55,16,Заказ
MW308 - 59 мм х 15,1,59,15,Заказ
MW308 - 59мм х 15,1,59,15,Заказ
MW308 - 60мм х 11 + 110 мм х 2,1,60,11,Заказ
MW308 - 60мм х 11 + 110 мм х 2,2,110,2,Заказ
MW308 - 60мм х 14 + 40 мм х 1,1,60,14,Заказ
MW308 - 60мм х 14 + 40 мм х 1,2,40,1,Заказ
MW308 - 60мм х 8 + 100 мм х 4,1,60,8,Заказ
MW308 - 60мм х 8 + 100 мм х 4,2,100,4,Заказ
"MW308 - 63,5мм х 14",1,63.5,14,Заказ
MW308 - 64мм х 12 + 110 мм х 1,1,64,12,Заказ
MW308 - 64мм х 12 + 110 мм х 1,2,110,1,Заказ
MW308 - 64мм х 12 + 55 мм х 2,1,64,12,Заказ
MW308 - 64мм х 12 + 55 мм х 2,2,55,2,Заказ
MW308 - 64мм х 12 + 57 мм х 1,1,64,12,Заказ
MW308 - 64мм х 12 + 57 мм х 1,2,57,1,Заказ
MW308 - 64мм х 12 + 57 мм х 2,1,64,12,Заказ
MW308 - 64мм х 12 + 57 мм х 2,2,57,2,Заказ
MW308 - 65мм х 12 + 110 мм х 1,1,65,12,Заказ
MW308 - 65мм х 12 + 110 мм х 1,2,110,1,Заказ
MW308 - 65мм х 13 + 40 мм х 1,1,65,13,Заказ
MW308 - 65мм х 13 + 40 мм х 1,2,40,1,Заказ
MW308 - 70мм х 11 + 110 мм х 1,1,70,11,Заказ
MW308 - 70мм х 11 + 110 мм х 1,2,110,1,Заказ
MW308 - 70мм х 12 + 40 мм х 1,1,70,12,Заказ
MW308 - 70мм х 12 + 40 мм х 1,2,40,1,Заказ
MW308 - 73мм х 12,1,73,12,Заказ
MW308 - 74мм х 12,1,74,12,Заказ
MW308 - 80мм х 11,1,80,11,Заказ
MW308 - 83мм х 10 + 50 мм х 1,1,83,10,Заказ
MW308 - 83мм х 10 + 50 мм х 1,2,50,1,Заказ
MW308 - 83мм х 8 + 110 мм х 2,1,83,8,Заказ
MW308 - 83мм х 8 + 110 мм х 2,2,110,2,Заказ
MW308 - 84мм х 10 + 40 мм х 1,1,84,10,Заказ
MW308 - 84мм х 10 + 40 мм х 1,2,40,1,Заказ
MW308 - 84мм х 9 + 60 мм х 2,1,84,9,Заказ
MW308 - 84мм х 9 + 60 мм х 2,2,60,2,Заказ
MW308 - 85мм х 10 + 110 мм х 1,1,85,10,Заказ
MW308 - 85мм х 10 + 110 мм х 1,2,110,1,Заказ
MW308 - 85мм х 9 + 110 мм х 1,1,85,9,Заказ
MW308 - 85мм х 9 + 110 мм х 1,2,110,1,Заказ
MW308 - 87мм х 10,1,87,10,Заказ
MW308 - 880мм х 1,1,880,1,Заказ
MW308 - 88мм х 10,1,88,10,Заказ
MW308 - 89мм х 10,1,89,10,Заказ
MW308 - 90мм х 9 + 80 мм х 1,1,90,9,Заказ
MW308 - 90мм х 9 + 80 мм х 1,2,80,1,Заказ
MW308 - 95мм х 9,1,95,9,Заказ
MW308 - 95мм х 9 + 30 мм х 1,1,95,9,Заказ
MW308 - 95мм х 9 + 30 мм х 1,2,30,1,Заказ
MW308 - 98мм х 9,1,98,9,Заказ
MW308 - 99мм х 9,1,99,9,Заказ
MW401 - 102мм х 8 + 60 мм х 1,1,102,8,Заказ
MW401 - 102мм х 8 + 60 мм х 1,2,60,1,Заказ
MW401 - 105мм х 8 + 40 мм х 1,1,105,8,Заказ
MW401 - 105мм х 8 + 40 мм х 1,2,40,1,Заказ
MW401 - 110мм х 8,1,110,8,Заказ
MW401 - 130мм х 6 + 110 мм х 1,1,130,6,Заказ
MW401 - 130мм х 6 + 110 мм х 1,2,110,1,Заказ
MW401 - 135мм х 4 + 110 мм х 3,1,135,4,Заказ
MW401 - 135мм х 4 + 110 мм х 3,2,110,3,Заказ
MW401 - 135мм х 6 + 80 мм х 1,1,135,6,Заказ
MW401 - 135мм х 6 + 80 мм х 1,2,80,1,Заказ
MW401 - 156мм х 5 + 110 мм х 1,1,156,5,Заказ
MW401 - 156мм х 5 + 110 мм х 1,2,110,1,Заказ
MW401 - 160мм х 4 + 60 мм х 4,1,160,4,Заказ
MW401 - 160мм х 4 + 60 мм х 4,2,60,4,Заказ
MW401 - 160мм х 5 + 80 мм х 1,1,160,5,Заказ
MW401 - 160мм х 5 + 80 мм х 1,2,80,1,Заказ
MW401 - 170мм х 5 + 35 мм х 1,1,170,5,Заказ
MW401 - 170мм х 5 + 35 мм х 1,2,35,1,Заказ
MW401 - 20мм х 44,1,20,44,Заказ
MW401 - 25мм х 35,1,25,35,Заказ
MW401 - 30мм х 29,1,30,29,Заказ
MW401 - 40мм х 22,1,40,22,Заказ
MW401 - 49мм х 18,1,49,18,Заказ
MW401 - 55мм х 12 + 110 мм х 2,1,55,12,Заказ
MW401 - 55мм х 12 + 110 мм х 2,2,110,2,Заказ
MW401 - 59мм х 15,1,59,15,Заказ
"MW401 - 63,5мм х 14",1,63.5,14,Заказ
MW401 - 64мм х 12 + 110 мм х 1,1,64,12,Заказ
MW401 - 64мм х 12 + 110 мм х 1,2,110,1,Заказ
MW401 - 64мм х 12 + 55 мм х 2,1,64,12,Заказ
MW401 - 64мм х 12 + 55 мм х 2,2,55,2,Заказ
MW401 - 64мм х 12 + 57 мм х 2,1,64,12,Заказ
MW401 - 64мм х 12 + 57 мм х 2,2,57,2,Заказ
MW401 - 70мм х 11 + 110 мм х 1,1,70,11,Заказ
MW401 - 70мм х 11 + 110 мм х 1,2,110,1,Заказ
MW401 - 70мм х 12 + 40 мм х 1,1,70,12,Заказ
MW401 - 70мм х 12 + 40 мм х 1,2,40,1,Заказ
MW401 - 74мм х 12,1,74,12,Заказ
MW401 - 80мм х 11,1,80,11,Заказ
MW401 - 83мм х 10 + 50 мм х 1,1,83,10,Заказ
MW401 - 83мм х 10 + 50 мм х 1,2,50,1,Заказ
MW401 - 85мм х 9 + 110 мм х 1,1,85,9,Заказ
MW401 - 85мм х 9 + 110 мм х 1,2,110,1,Заказ
MW401 - 88мм х 10,1,88,10,Заказ
MW401 - 89мм х 10,1,89,10,Заказ
MW401 - 99мм х 9,1,99,9,Заказ
MW411 - 102мм х 8 + 60 мм х 1,1,102,8,Заказ
MW411 - 102мм х 8 + 60 мм х 1,2,60,1,Заказ
MW411 - 110мм х 8,1,110,8,Заказ
MW411 - 135мм х 4 + 110 мм х 3,1,135,4,Заказ
MW411 - 135мм х 4 + 110 мм х 3,2,110,3,Заказ
MW411 - 156мм х 5 + 110 мм х 1,1,156,5,Заказ
MW411 - 156мм х 5 + 110 мм х 1,2,110,1,Заказ
MW411 - 30мм х 29,1,30,29,Заказ
MW411 - 40мм х 22,1,40,22,Заказ
MW411 - 49мм х 18,1,49,18,Заказ
MW411 - 55мм х 16,1,55,16,Заказ
MW411 - 59мм х 15,1,59,15,Заказ
"MW411 - 63,5мм х 14",1,63.5,14,Заказ
MW411 - 74мм х 12,1,74,12,Заказ
MW411 - 80мм х 11,1,80,11,Заказ
MW411 - 89мм х 10,1,89,10,Заказ
MW411 - 99мм х 9,1,99,9,Заказ
MW412 - 110мм х 8,1,110,8,Заказ
MW412 - 20мм х 44,1,20,44,Заказ
MW412 - 30мм х 29,1,30,29,Заказ
MW412 - 49мм х 18,1,49,18,Заказ
MW412 - 59мм х 15,1,59,15,Заказ
"MW412 - 63,5мм х 14",1,63.5,14,Заказ
MW412 - 80мм х 11,1,80,11,Заказ
MW412 - 88мм х 10,1,88,10,Заказ
MWR074 - 100мм х 8 + 80 мм х 1,1,100,8,Заказ
MWR074 - 100мм х 8 + 80 мм х 1,2,80,1,Заказ
MWR074 - 110мм х 8,1,110,8,Заказ
MWR074 - 125мм х 7,1,125,7,Заказ
MWR074 - 130мм х 6 + 100 мм х 1,1,130,6,Заказ
MWR074 - 130мм х 6 + 100 мм х 1,2,100,1,Заказ
MWR074 - 130мм х 6 + 110 мм х 1,1,130,6,Заказ
MWR074 - 130мм х 6 + 110 мм х 1,2,110,1,Заказ
MWR074 - 135мм х 6 + 70 мм х 1,1,135,6,Заказ
MWR074 - 135мм х 6 + 70 мм х 1,2,70,1,Заказ
MWR074 - 220мм х 4,1,220,4,Заказ
MWR074 - 25мм х 35,1,25,35,Заказ
MWR074 - 30мм х 29,1,30,29,Заказ
"MWR074 - 32,5мм х 27",1,32.5,27,Заказ
MWR074 - 33мм х 27,1,33,27,Заказ
MWR074 - 35мм х 25,1,35,25,Заказ
MWR074 - 40мм х 22,1,40,22,Заказ
MWR074 - 55мм х 10 + 33 мм х 10,1,55,10,Заказ
MWR074 - 55мм х 10 + 33 мм х 10,2,33,10,Заказ
MWR074 - 55мм х 16,1,55,16,Заказ
MWR074 - 59мм х 15,1,59,15,Заказ
MWR074 - 60мм х 15,1,60,15,Заказ
MWR074 - 73мм х 12,1,73,12,Заказ
MWR074 - 74мм х 12,1,74,12,Заказ
MWR074 - 80мм х 11,1,80,11,Заказ
MWR074 - 88мм х 10,1,88,10,Заказ
MWR074 - 99мм х 9,1,99,9,Заказ
"MWR106L - 32,5мм х 27",1,32.5,27,Заказ
"MWR107L - 32,5мм х 27",1,32.5,27,Заказ
MWR110L - 22мм х 45,1,22,45,Заказ
MWR111L - 110мм х 8,1,110,8,Заказ
"MWR111L - 32,5мм х 27",1,32.5,27,Заказ
MWR111L - 35мм х 25,1,35,25,Заказ
MWR111L - 55мм х 16,1,55,16,Заказ
MWR112 - 125мм х 7,1,125,7,Заказ
"MWR112 - 33,5мм х 29",1,33.5,29,Заказ
MWR112 - 33мм х 30,1,33,30,Заказ
MWR112 - 54мм х 18,1,54,18,Заказ
MWR112 - 55мм х 16,1,55,16,Заказ
MWR113L - 55мм х 10 + 33 мм х 10,1,55,10,Заказ
MWR113L - 55мм х 10 + 33 мм х 10,2,33,10,Заказ
MWR113L - 55мм х 16,1,55,16,Заказ
MWR113L - 59мм х 15,1,59,15,Заказ
MWR118 - 110мм х 8,1,110,8,Заказ
MWR118 - 125мм х 7,1,125,7,Заказ
MWR118 - 130мм х 6 + 110 мм х 1,1,130,6,Заказ
MWR118 - 130мм х 6 + 110 мм х 1,2,110,1,Заказ
MWR118 - 22мм х 40,1,22,40,Заказ
MWR118 - 25мм х 35,1,25,35,Заказ
MWR118 - 30мм х 29,1,30,29,Заказ
"MWR118 - 32,5мм х 27",1,32.5,27,Заказ
MWR118 - 33мм х 27,1,33,27,Заказ
MWR118 - 35мм х 25,1,35,25,Заказ
MWR118 - 40мм х 22,1,40,22,Заказ
MWR118 - 55мм х 16,1,55,16,Заказ
"MWR118 - 99мм х 8 + 32,5 мм х 2",1,99,8,Заказ
"MWR118 - 99мм х 8 + 32,5 мм х 2",2,32.5,2,Заказ
MWR118+ - 30мм х 29,1,30,29,Заказ
MWR118+ - 40мм х 22,1,40,22,Заказ
MWR200 - 102мм х 8 + 57 мм х 1,1,102,8,Заказ
MWR200 - 102мм х 8 + 57 мм х 1,2,57,1,Заказ
"MWR200 - 103,5мм х 8 + 59 мм х 1",1,103.5,8,Заказ
"MWR200 - 103,5мм х 8 + 59 мм х 1",2,59,1,Заказ
"MWR200 - 103,5мм х 8 + 60 мм х 1",1,103.5,8,Заказ
"MWR200 - 103,5мм х 8 + 60 мм х 1",2,60,1,Заказ
MWR200 - 105мм х 8 + 40 мм х 1,1,105,8,Заказ
MWR200 - 105мм х 8 + 40 мм х 1,2,40,1,Заказ
MWR200 - 110мм х 8,1,110,8,Заказ
MWR200 - 11мм х 8,1,11,8,Заказ
MWR200 - 140мм х 4 + 110 мм х 3,1,140,4,Заказ
MWR200 - 140мм х 4 + 110 мм х 3,2,110,3,Заказ
MWR200 - 150мм х 5 + 59 мм х 2,1,150,5,Заказ
MWR200 - 150мм х 5 + 59 мм х 2,2,59,2,Заказ
MWR200 - 150мм х 5 + 60 мм х 2,1,150,5,Заказ
MWR200 - 150мм х 5 + 60 мм х 2,2,60,2,Заказ
MWR200 - 154мм х 5 + 110 мм х 1,1,154,5,Заказ
MWR200 - 154мм х 5 + 110 мм х 1,2,110,1,Заказ
MWR200 - 156мм х 5 + 99 мм х 1,1,156,5,Заказ
MWR200 - 156мм х 5 + 99 мм х 1,2,99,1,Заказ
MWR200 - 20мм х 44,1,20,44,Заказ
MWR200 - 220мм х 4,1,220,4,Заказ
MWR200 - 25мм х 35,1,25,35,Заказ
MWR200 - 30мм х 29,1,30,29,Заказ
"MWR200 - 32,5мм х 27",1,32.5,27,Заказ
MWR200 - 33мм х 7 + 55 мм х 12,1,33,7,Заказ
MWR200 - 33мм х 7 + 55 мм х 12,2,55,12,Заказ
MWR200 - 35мм х 25,1,35,25,Заказ
MWR200 - 40мм х 22,1,40,22,Заказ
MWR200 - 42мм х 21,1,42,21,Заказ
MWR200 - 44мм х 20,1,44,20,Заказ
"MWR200 - 49,5мм х 18",1,49.5,18,Заказ
MWR200 - 49мм х 18,1,49,18,Заказ
MWR200 - 55мм х 12 + 110 мм х 2,1,55,12,Заказ
MWR200 - 55мм х 12 + 110 мм х 2,2,110,2,Заказ
MWR200 - 55мм х 16,1,55,16,Заказ
MWR200 - 55мм х 2 + 110 мм х 7,1,55,2,Заказ
MWR200 - 55мм х 2 + 110 мм х 7,2,110,7,Заказ
MWR200 - 59мм х 15,1,59,15,Заказ
MWR200 - 60мм х 14 + 40 мм х 1,1,60,14,Заказ
MWR200 - 60мм х 14 + 40 мм х 1,2,40,1,Заказ
"MWR200 - 63,5мм х 14",1,63.5,14,Заказ
MWR200 - 64мм х 12 + 110 мм х 1,1,64,12,Заказ
MWR200 - 64мм х 12 + 110 мм х 1,2,110,1,Заказ
MWR200 - 64мм х 12 + 55 мм х 2,1,64,12,Заказ
MWR200 - 64мм х 12 + 55 мм х 2,2,55,2,Заказ
MWR200 - 65мм х 12 + 50 мм х 2,1,65,12,Заказ
MWR200 - 65мм х 12 + 50 мм х 2,2,50,2,Заказ
MWR200 - 70мм х 11 + 110 мм х 1,1,70,11,Заказ
MWR200 - 70мм х 11 + 110 мм х 1,2,110,1,Заказ
MWR200 - 70мм х 9 + 60 мм х 1,1,70,9,Заказ
MWR200 - 70мм х 9 + 60 мм х 1,2,60,1,Заказ
MWR200 - 70мм х 9 + 60 мм х 4,1,70,9,Заказ
MWR200 - 70мм х 9 + 60 мм х 4,2,60,4,Заказ
MWR200 - 74мм х 12,1,74,12,Заказ
MWR200 - 80мм х 11,1,80,11,Заказ
MWR200 - 83мм х 10 + 50 мм х 1,1,83,10,Заказ
MWR200 - 83мм х 10 + 50 мм х 1,2,50,1,Заказ
MWR200 - 87мм х 10,1,87,10,Заказ
MWR200 - 880мм х 1,1,880,1,Заказ
MWR200 - 88мм х 10,1,88,10,Заказ
MWR200 - 89мм х 10,1,89,10,Заказ
MWR200 - 95мм х 9,1,95,9,Заказ
MWR200 - 95мм х 9 + 30 мм х 1,1,95,9,Заказ
MWR200 - 95мм х 9 + 30 мм х 1,2,30,1,Заказ
MWR200 - 99мм х 9,1,99,9,Заказ
MWR230 - 110мм х 8,1,110,8,Заказ
MWR230 - 130мм х 6 + 110 мм х 1,1,130,6,Заказ
MWR230 - 130мм х 6 + 110 мм х 1,2,110,1,Заказ
MWR230 - 220мм х 4,1,220,4,Заказ
MWR230 - 25мм х 35,1,25,35,Заказ
MWR230 - 30мм х 29,1,30,29,Заказ
MWR230 - 40мм х 22,1,40,22,Заказ
MWR230 - 44мм х 20,1,44,20,Заказ
MWR230 - 49мм х 18,1,49,18,Заказ
MWR230 - 55мм х 12 + 110 мм х 2,1,55,12,Заказ
MWR230 - 55мм х 12 + 110 мм х 2,2,110,2,Заказ
MWR230 - 59мм х 15,1,59,15,Заказ
"MWR230 - 63,5мм х 14",1,63.5,14,Заказ
MWR230 - 87мм х 10,1,87,10,Заказ
"MWR233 - 103,5мм х 8 + 59 мм х 1",1,103.5,8,Заказ
"MWR233 - 103,5мм х 8 + 59 мм х 1",2,59,1,Заказ
MWR233 - 104мм х 8 + 59 мм х 1,1,104,8,Заказ
MWR233 - 104мм х 8 + 59 мм х 1,2,59,1,Заказ
MWR233 - 105мм х 8 + 40 мм х 1,1,105,8,Заказ
MWR233 - 105мм х 8 + 40 мм х 1,2,40,1,Заказ
MWR233 - 110мм х 8,1,110,8,Заказ
MWR233 - 125мм х 7,1,125,7,Заказ
MWR233 - 220мм х 4,1,220,4,Заказ
MWR233 - 30мм х 29,1,30,29,Заказ
MWR233 - 40мм х 22,1,40,22,Заказ
MWR233 - 42мм х 21,1,42,21,Заказ
MWR233 - 49мм х 18,1,49,18,Заказ
MWR233 - 59мм х 15,1,59,15,Заказ
MWR233 - 73мм х 12,1,73,12,Заказ
MWR233 - 87мм х 10,1,87,10,Заказ
MWR233 - 88мм х 10,1,88,10,Заказ
MWR233 - 89мм х 10,1,89,10,Заказ
MWR233 - 95мм х 9 + 30 мм х 1,1,95,9,Заказ
MWR233 - 95мм х 9 + 30 мм х 1,2,30,1,Заказ
MWR233 - 99мм х 9,1,99,9,Заказ
MWR265 - 110мм х 8,1,110,8,Заказ
MWR265 - 130мм х 6 + 110 мм х 1,1,130,6,Заказ
MWR265 - 130мм х 6 + 110 мм х 1,2,110,1,Заказ
MWR265 - 156мм х 5 + 110 мм х 1,1,156,5,Заказ
MWR265 - 156мм х 5 + 110 мм х 1,2,110,1,Заказ
MWR265 - 40мм х 22,1,40,22,Заказ
MWR265 - 49мм х 18,1,49,18,Заказ
MWR265 - 59мм х 15,1,59,15,Заказ
"MWR265 - 63,5мм х 14",1,63.5,14,Заказ
MWR265 - 99мм х 9,1,99,9,Заказ
MWR400L - 110мм х 8,1,110,8,Заказ
MWR400L - 130мм х 6 + 100 мм х 1,1,130,6,Заказ
MWR400L - 130мм х 6 + 100 мм х 1,2,100,1,Заказ
"MWR400L - 32,5мм х 27",1,32.5,27,Заказ
MWR400L - 40мм х 22,1,40,22,Заказ
MWR400L - 52мм х 17,1,52,17,Заказ
MWR400L - 55мм х 16,1,55,16,Заказ
MWR400L - 88мм х 10,1,88,10,Заказ
MWR400L - 99мм х 9,1,99,9,Заказ
MWR403L - 110мм х 8,1,110,8,Заказ
"MWR403L - 32,5мм х 27",1,32.5,27,Заказ
"MWR403L - 33,5мм х 27",1,33.5,27,Заказ
MWR403L - 34мм х 26,1,34,26,Заказ
MWR403L - 40мм х 22,1,40,22,Заказ
MWR403L - 55мм х 16,1,55,16,Заказ
MWR410L - 30мм х 33,1,30,33,Заказ
"MWR410L - 32,5мм х 30",1,32.5,30,Заказ
"MWR410L - 33,5мм х 29",1,33.5,29,Заказ
MWR410L - 33мм х 30,1,33,30,Заказ
MWR410L - 34мм х 29,1,34,29,Заказ
MWR410L - 35мм х 28,1,35,28,Заказ
MWR410L - 41мм х 24,1,41,24,Заказ
MWR410L - 54мм х 18,1,54,18,Заказ
MWR500L - 109мм х 9,1,109,9,Заказ
MWR500L - 110мм х 2 + 70 мм х 11,1,110,2,Заказ
MWR500L - 110мм х 2 + 70 мм х 11,2,70,11,Заказ
MWR500L - 110мм х 8,1,110,8,Заказ
MWR500L - 110мм х 9,1,110,9,Заказ
"MWR500L - 130мм х 7 + 32,5 мм х 2",1,130,7,Заказ
"MWR500L - 130мм х 7 + 32,5 мм х 2",2,32.5,2,Заказ
MWR500L - 130мм х 7 + 33 мм х 2,1,130,7,Заказ
MWR500L - 130мм х 7 + 33 мм х 2,2,33,2,Заказ
"MWR500L - 130мм х 7 + 33,5 мм х 2",1,130,7,Заказ
"MWR500L - 130мм х 7 + 33,5 мм х 2",2,33.5,2,Заказ
MWR500L - 130мм х 7 + 70 мм х 1,1,130,7,Заказ
MWR500L - 130мм х 7 + 70 мм х 1,2,70,1,Заказ
MWR500L - 25мм х 37 + 55 мм х 1,1,25,37,Заказ
MWR500L - 25мм х 37 + 55 мм х 1,2,55,1,Заказ
MWR500L - 25мм х 39,1,25,39,Заказ
MWR500L - 30мм х 33,1,30,33,Заказ
"MWR500L - 33,5мм х 29",1,33.5,29,Заказ
MWR500L - 330мм х 30,1,330,30,Заказ
MWR500L - 33мм х 30,1,33,30,Заказ
MWR500L - 40мм х 24,1,40,24,Заказ
MWR500L - 40мм х 25,1,40,25,Заказ
MWR500L - 54мм х 18,1,54,18,Заказ
MWR500L - 55мм х 18,1,55,18,Заказ
MWR500L - 59мм х 16,1,59,16,Заказ
MWR500L - 65мм х 15,1,65,15,Заказ
MWR500L - 70мм х 14,1,70,14,Заказ
MWR500L - 70мм х 6 + 110 мм х 5,1,70,6,Заказ
MWR500L - 70мм х 6 + 110 мм х 5,2,110,5,Заказ
MWR500L - 88мм х 11,1,88,11,Заказ
Фольга горячего тиснения MB - 25мм х 35,1,25,35,Заказ
Фольга горячего тиснения MB - 25мм х 8 + 40 мм х 7 + 50 мм х 8,1,25,8,Заказ
Фольга горячего тиснения MB - 25мм х 8 + 40 мм х 7 + 50 мм х 8,2,40,7,Заказ
Фольга горячего тиснения MB - 25мм х 8 + 40 мм х 7 + 50 мм х 8,3,50,8,Заказ
Фольга горячего тиснения MB - 30мм х 29,1,30,29,Заказ
"Фольга горячего тиснения MB - 32,5мм х 27",1,32.5,27,Заказ
Фольга горячего тиснения MB - 35мм х 25,1,35,25,Заказ
Фольга горячего тиснения MB - 40мм х 22,1,40,22,Заказ
Фольга горячего тиснения MB - 44мм х 20,1,44,20,Заказ
Фольга горячего тиснения MB - 49мм х 18,1,49,18,Заказ
